Time - Measured Velocity,Spool Rev/Sec - Measured Velocity,Time - Measured Diameter,Diameter (mm) - Measured Diameter,Time - Target Velocity,Spool Rev/Sec - Target Velocity,Time - Commanded Diameter,Diameter (mm) - Commanded Diameter,Time - Temperature,Diameter (mm) - Temperature
43,0.866667,43,0.272907,43,1.12094,43,0.3,43,94.4892
44,0.966667,44,0.272907,44,1.12094,44,0.3,44,94.4892
45,1,45,0.272907,45,1.12094,45,0.3,45,94.928
46,1.03333,46,0.272907,46,1.12094,46,0.3,46,94.928
47,1.06667,47,0.272907,47,1.12094,47,0.3,47,94.928
48,1.13333,48,0.272907,48,1.12094,48,0.3,48,94.928
49,1.2,49,0.272907,49,1.12094,49,0.3,49,94.928
50,1.26667,50,0.272907,50,1.12094,50,0.3,50,94.928
51,1.33333,51,0.286577,51,1.12094,51,0.3,51,94.928
52,1.4,52,0.286577,52,1.12094,52,0.3,52,94.928
53,1.4,53,0.286577,53,1.12094,53,0.3,53,94.928
54,1.4,54,0.272907,54,1.12094,54,0.3,54,94.928
55,1.33333,55,0.286577,55,1.12094,55,0.3,55,94.928
56,1.3,56,0.286577,56,1.12094,56,0.3,56,94.928
57,1.3,57,0.286577,57,1.12094,57,0.3,57,94.928
58,1.3,58,0.300248,58,1.12094,58,0.3,58,94.928
59,1.3,59,0.313918,59,1.12094,59,0.3,59,94.928
60,1.26667,60,0.313918,60,1.12094,60,0.3,60,94.928
61,1.23333,61,0.341259,61,1.12094,61,0.3,61,94.928
62,1.2,62,0.3686,62,1.12094,62,0.3,62,94.928
63,1.23333,63,0.3686,63,1.12094,63,0.3,63,94.928
64,1.23333,64,0.3686,64,1.12094,64,0.3,64,94.928
65,1.33333,65,0.3686,65,1.12094,65,0.3,65,94.928
66,1.43333,66,0.3686,66,1.12094,66,0.3,66,94.928
67,1.53333,67,0.3686,67,1.12094,67,0.3,67,94.928
68,1.6,68,0.354929,68,1.12094,68,0.3,68,94.928
69,1.66667,69,0.313918,69,1.12094,69,0.3,69,94.928
70,1.73333,70,0.286577,70,1.12094,70,0.3,70,94.928
71,1.83333,71,0.286577,71,1.12094,71,0.3,71,94.928
72,1.9,72,0.286577,72,1.12094,72,0.3,72,94.928
73,1.93333,73,0.286577,73,1.12094,73,0.3,73,94.928
74,1.86667,74,0.286577,74,1.12094,74,0.3,74,94.928
75,1.8,75,0.272907,75,1.12094,75,0.3,75,94.928
76,1.73333,76,0.272907,76,1.12094,76,0.3,76,94.928
77,1.63333,77,0.272907,77,1.12094,77,0.3,77,94.928
78,1.56667,78,0.272907,78,1.12094,78,0.3,78,94.928
79,1.4,79,0.272907,79,1.12094,79,0.3,79,94.928
80,1.23333,80,0.272907,80,1.12094,80,0.3,80,94.928
81,1.06667,81,0.272907,81,1.12094,81,0.3,81,94.4892
82,1,82,0.272907,82,1.12094,82,0.3,82,94.928
83,0.966667,83,0.272907,83,1.12094,83,0.3,83,94.928
84,0.933333,84,0.272907,84,1.12094,84,0.3,84,94.4892
85,0.933333,85,0.272907,85,1.12094,85,0.3,85,94.928
86,0.933333,86,0.272907,86,1.12094,86,0.3,86,94.928
87,0.9,87,0.259236,87,1.12094,87,0.3,87,94.928
88,0.866667,88,0.259236,88,1.12094,88,0.3,88,94.928
89,0.9,89,0.259236,89,1.12094,89,0.3,89,94.928
90,0.9,90,0.272907,90,1.12094,90,0.3,90,94.928
91,0.933333,91,0.272907,91,1.12094,91,0.3,91,94.928
92,0.966667,92,0.272907,92,1.12094,92,0.3,92,94.928
93,1.06667,93,0.272907,93,1.12094,93,0.3,93,94.928
94,1.13333,94,0.272907,94,1.12094,94,0.3,94,94.928
95,1.2,95,0.272907,95,1.12094,95,0.3,95,94.928
96,1.26667,96,0.272907,96,1.12094,96,0.3,96,94.928
97,1.26667,97,0.272907,97,1.12094,97,0.3,97,94.928
98,1.23333,98,0.272907,98,1.12094,98,0.3,98,94.928
99,1.16667,99,0.272907,99,1.12094,99,0.3,99,94.928
100,1.2,100,0.272907,100,1.12094,100,0.3,100,94.928
101,1.26667,101,0.272907,101,1.12094,101,0.3,101,94.928
102,1.26667,102,0.272907,102,1.12094,102,0.3,102,94.928
103,1.26667,103,0.272907,103,1.12094,103,0.3,103,94.928
104,1.26667,104,0.272907,104,1.12094,104,0.3,104,94.928
105,1.2,105,0.272907,105,1.12094,105,0.3,105,94.928
106,1.13333,106,0.300248,106,1.12094,106,0.3,106,94.928
107,1.1,107,0.300248,107,1.12094,107,0.3,107,94.928
108,1.1,108,0.300248,108,1.12094,108,0.3,108,94.928
109,1.13333,109,0.300248,109,1.12094,109,0.3,109,94.928
110,1.16667,110,0.313918,110,1.12094,110,0.3,110,94.928
111,1.23333,111,0.313918,111,1.12094,111,0.3,111,94.928
112,1.26667,112,0.327588,112,1.12094,112,0.3,112,94.928
113,1.23333,113,0.327588,113,1.12094,113,0.3,113,94.928
114,1.26667,114,0.327588,114,1.12094,114,0.3,114,94.928
115,1.23333,115,0.327588,115,1.12094,115,0.3,115,94.928
116,1.3,116,0.327588,116,1.12094,116,0.3,116,94.928
117,1.36667,117,0.327588,117,1.12094,117,0.3,117,94.928
118,1.5,118,0.327588,118,1.12094,118,0.3,118,94.928
119,1.56667,119,0.327588,119,1.12094,119,0.3,119,94.928
120,1.56667,120,0.327588,120,1.12094,120,0.3,120,94.928
121,1.6,121,0.327588,121,1.12094,121,0.3,121,94.928
122,1.56667,122,0.341259,122,1.12094,122,0.3,122,94.928
123,1.6,123,0.341259,123,1.12094,123,0.3,123,94.928
124,1.66667,124,0.38227,124,1.12094,124,0.3,124,94.928
125,1.7,125,0.38227,125,1.12094,125,0.3,125,94.928
126,1.63333,126,0.38227,126,1.12094,126,0.3,126,94.928
127,1.63333,127,0.38227,127,1.12094,127,0.3,127,94.928
128,1.66667,128,0.38227,128,1.12094,128,0.3,128,95.3671
129,1.7,129,0.38227,129,1.12094,129,0.3,129,95.3671
130,1.8,130,0.38227,130,1.12094,130,0.3,130,94.928
131,1.83333,131,0.3686,131,1.12094,131,0.3,131,94.928
132,1.83333,132,0.341259,132,1.12094,132,0.3,132,94.928
133,1.9,133,0.341259,133,1.12094,133,0.3,133,94.928
134,1.9,134,0.341259,134,1.12094,134,0.3,134,94.928
135,1.96667,135,0.341259,135,1.12094,135,0.3,135,94.928
136,1.96667,136,0.327588,136,1.12094,136,0.3,136,94.928
137,1.86667,137,0.327588,137,1.12094,137,0.3,137,94.928
138,1.83333,138,0.313918,138,1.12094,138,0.3,138,94.928
139,1.8,139,0.313918,139,1.12094,139,0.3,139,94.928
140,1.8,140,0.313918,140,1.12094,140,0.3,140,94.928
141,1.7,141,0.313918,141,1.12094,141,0.3,141,94.928
142,1.56667,142,0.313918,142,1.12094,142,0.3,142,94.928
143,1.5,143,0.300248,143,1.12094,143,0.3,143,94.928
144,1.46667,144,0.300248,144,1.12094,144,0.3,144,94.928
145,1.43333,145,0.300248,145,1.12094,145,0.3,145,94.928
146,1.4,146,0.300248,146,1.12094,146,0.3,146,94.928
147,1.36667,147,0.300248,147,1.12094,147,0.3,147,94.928
148,1.3,148,0.300248,148,1.12094,148,0.3,148,94.928
149,1.2,149,0.272907,149,1.12094,149,0.3,149,94.928
150,1.16667,150,0.286577,150,1.12094,150,0.3,150,95.3671
151,1.13333,151,0.272907,151,1.12094,151,0.3,151,95.3671
152,1.16667,152,0.272907,152,1.12094,152,0.3,152,94.928
153,1.2,153,0.272907,153,1.12094,153,0.3,153,94.928
154,1.2,154,0.272907,154,1.12094,154,0.3,154,94.928
155,1.2,155,0.272907,155,1.12094,155,0.3,155,94.928
156,1.16667,156,0.272907,156,1.12094,156,0.3,156,94.928
157,1.13333,157,0.272907,157,1.12094,157,0.3,157,94.928
158,1.1,158,0.272907,158,1.12094,158,0.3,158,94.928
159,1.1,159,0.272907,159,1.12094,159,0.3,159,94.928
160,1.1,160,0.272907,160,1.12094,160,0.3,160,94.928
161,1.13333,161,0.272907,161,1.12094,161,0.3,161,94.928
162,1.13333,162,0.286577,162,1.12094,162,0.3,162,94.928
163,1.16667,163,0.286577,163,1.12094,163,0.3,163,94.928
164,1.16667,164,0.286577,164,1.12094,164,0.3,164,94.928
165,1.1,165,0.286577,165,1.12094,165,0.3,165,94.928
166,1.1,166,0.300248,166,1.12094,166,0.3,166,95.3671
167,1.06667,167,0.300248,167,1.12094,167,0.3,167,95.3671
168,1.13333,168,0.300248,168,1.12094,168,0.3,168,95.3671
169,1.23333,169,0.300248,169,1.12094,169,0.3,169,95.3671
170,1.3,170,0.300248,170,1.12094,170,0.3,170,94.928
171,1.33333,171,0.300248,171,1.12094,171,0.3,171,94.928
172,1.33333,172,0.327588,172,1.12094,172,0.3,172,94.928
173,1.33333,173,0.327588,173,1.12094,173,0.3,173,94.928
174,1.36667,174,0.327588,174,1.12094,174,0.3,174,94.928
175,1.36667,175,0.327588,175,1.12094,175,0.3,175,95.3671
176,1.43333,176,0.341259,176,1.12094,176,0.3,176,95.3671
177,1.46667,177,0.3686,177,1.12094,177,0.3,177,95.3671
178,1.53333,178,0.3686,178,1.12094,178,0.3,178,95.3671
179,1.5,179,0.38227,179,1.12094,179,0.3,179,95.3671
180,1.5,180,0.409611,180,1.12094,180,0.3,180,95.3671
181,1.53333,181,0.409611,181,1.12094,181,0.3,181,94.928
182,1.6,182,0.395941,182,1.12094,182,0.3,182,95.3671
183,1.73333,183,0.395941,183,1.12094,183,0.3,183,95.3671
184,1.86667,184,0.395941,184,1.12094,184,0.3,184,94.928
185,1.93333,185,0.38227,185,1.12094,185,0.3,185,94.928
186,2,186,0.3686,186,1.12094,186,0.3,186,94.928
187,2.06667,187,0.3686,187,1.12094,187,0.3,187,94.928
188,2.13333,188,0.3686,188,1.12094,188,0.3,188,94.928
189,2.16667,189,0.3686,189,1.12094,189,0.3,189,94.928
190,2.13333,190,0.341259,190,1.12094,190,0.3,190,94.928
191,2.13333,191,0.327588,191,1.12094,191,0.3,191,94.928
192,2.13333,192,0.313918,192,1.12094,192,0.3,192,94.928
193,2.13333,193,0.313918,193,1.12094,193,0.3,193,94.928
194,2,194,0.300248,194,1.12094,194,0.3,194,94.928
195,1.9,195,0.300248,195,1.12094,195,0.3,195,94.928
196,1.76667,196,0.300248,196,1.12094,196,0.3,196,94.928
197,1.66667,197,0.300248,197,1.12094,197,0.3,197,95.3671
198,1.6,198,0.300248,198,1.12094,198,0.3,198,94.928
199,1.46667,199,0.272907,199,1.12094,199,0.3,199,95.3671
200,1.26667,200,0.300248,200,1.12094,200,0.3,200,95.3671
201,1.13333,201,0.259236,201,1.12094,201,0.3,201,94.928
202,1.06667,202,0.272907,202,1.12094,202,0.3,202,95.3671
203,1.03333,203,0.272907,203,1.12094,203,0.3,203,94.928
204,1,204,0.272907,204,1.12094,204,0.3,204,94.928
205,1.03333,205,0.272907,205,1.12094,205,0.3,205,95.3671
206,1.03333,206,0.272907,206,1.12094,206,0.3,206,95.3671
207,1,207,0.272907,207,1.12094,207,0.3,207,95.3671
208,0.966667,208,0.272907,208,1.12094,208,0.3,208,95.3671
209,0.966667,209,0.259236,209,1.12094,209,0.3,209,95.3671
210,0.966667,210,0.259236,210,1.12094,210,0.3,210,95.3671
211,1,211,0.259236,211,1.12094,211,0.3,211,94.928
212,1.03333,212,0.272907,212,1.12094,212,0.3,212,94.928
213,1.13333,213,0.272907,213,1.12094,213,0.3,213,94.928
214,1.16667,214,0.272907,214,1.12094,214,0.3,214,94.928
215,1.2,215,0.272907,215,1.12094,215,0.3,215,94.928
216,1.23333,216,0.286577,216,1.12094,216,0.3,216,94.928
217,1.2,217,0.286577,217,1.12094,217,0.3,217,94.928
218,1.16667,218,0.286577,218,1.12094,218,0.3,218,94.928
219,1.13333,219,0.286577,219,1.12094,219,0.3,219,94.928
220,1.13333,220,0.300248,220,1.12094,220,0.3,220,94.928
221,1.16667,221,0.300248,221,1.12094,221,0.3,221,94.928
222,1.26667,222,0.300248,222,1.12094,222,0.3,222,94.928
223,1.3,223,0.300248,223,1.12094,223,0.3,223,94.928
224,1.3,224,0.313918,224,1.12094,224,0.3,224,94.928
225,1.3,225,0.313918,225,1.12094,225,0.3,225,94.928
226,1.3,226,0.341259,226,1.12094,226,0.3,226,94.928
227,1.3,227,0.341259,227,1.12094,227,0.3,227,94.928
228,1.33333,228,0.3686,228,1.12094,228,0.3,228,94.928
229,1.4,229,0.354929,229,1.12094,229,0.3,229,94.928
230,1.53333,230,0.354929,230,1.12094,230,0.3,230,94.928
231,1.53333,231,0.354929,231,1.12094,231,0.3,231,94.928
232,1.56667,232,0.3686,232,1.12094,232,0.3,232,94.928
233,1.56667,233,0.3686,233,1.12094,233,0.3,233,94.928
234,1.63333,234,0.3686,234,1.12094,234,0.3,234,94.928
235,1.73333,235,0.38227,235,1.12094,235,0.3,235,94.928
236,1.83333,236,0.3686,236,1.12094,236,0.3,236,95.3671
237,1.86667,237,0.3686,237,1.12094,237,0.3,237,95.3671
238,1.86667,238,0.38227,238,1.12094,238,0.3,238,95.3671
239,1.9,239,0.38227,239,1.12094,239,0.3,239,95.3671
240,1.93333,240,0.38227,240,1.12094,240,0.3,240,95.3671
241,2,241,0.38227,241,1.12094,241,0.3,241,95.3671
242,2,242,0.38227,242,1.12094,242,0.3,242,95.3671
243,1.96667,243,0.3686,243,1.12094,243,0.3,243,95.3671
244,2,244,0.3686,244,1.12094,244,0.3,244,95.3671
245,2,245,0.354929,245,1.12094,245,0.3,245,95.3671
246,2.03333,246,0.354929,246,1.12094,246,0.3,246,95.3671
247,2,247,0.327588,247,1.12094,247,0.3,247,95.3671
248,1.93333,248,0.313918,248,1.12094,248,0.3,248,95.3671
249,1.9,249,0.300248,249,1.12094,249,0.3,249,95.3671
250,1.86667,250,0.286577,250,1.12094,250,0.3,250,95.3671
251,1.83333,251,0.272907,251,1.12094,251,0.3,251,95.3671
252,1.66667,252,0.272907,252,1.12094,252,0.3,252,95.3671
253,1.5,253,0.272907,253,1.12094,253,0.3,253,95.3671
254,1.43333,254,0.272907,254,1.12094,254,0.3,254,95.3671
255,1.33333,255,0.272907,255,1.12094,255,0.3,255,95.3671
256,1.23333,256,0.272907,256,1.12094,256,0.3,256,95.3671
257,1.16667,257,0.272907,257,1.12094,257,0.3,257,95.3671
258,1.06667,258,0.272907,258,1.12094,258,0.3,258,95.3671
259,1,259,0.272907,259,1.12094,259,0.3,259,95.8066
260,0.933333,260,0.272907,260,1.12094,260,0.3,260,95.3671
261,0.866667,261,0.272907,261,1.12094,261,0.3,261,95.3671
262,0.866667,262,0.272907,262,1.12094,262,0.3,262,95.3671
263,0.866667,263,0.286577,263,1.12094,263,0.3,263,95.8066
264,0.9,264,0.286577,264,1.12094,264,0.3,264,95.8066
265,0.966667,265,0.286577,265,1.12094,265,0.3,265,95.8066
266,1.06667,266,0.286577,266,1.12094,266,0.3,266,95.3671
267,1.13333,267,0.286577,267,1.12094,267,0.3,267,95.3671
268,1.16667,268,0.286577,268,1.12094,268,0.3,268,95.3671
269,1.16667,269,0.286577,269,1.12094,269,0.3,269,95.8066
270,1.2,270,0.286577,270,1.12094,270,0.3,270,95.8066
271,1.2,271,0.286577,271,1.12094,271,0.3,271,95.8066
272,1.26667,272,0.286577,272,1.12094,272,0.3,272,95.8066
273,1.33333,273,0.286577,273,1.12094,273,0.3,273,95.8066
274,1.4,274,0.286577,274,1.12094,274,0.3,274,95.8066
275,1.4,275,0.272907,275,1.12094,275,0.3,275,95.8066
276,1.36667,276,0.286577,276,1.12094,276,0.3,276,95.8066
277,1.3,277,0.272907,277,1.12094,277,0.3,277,95.3671
278,1.3,278,0.272907,278,1.12094,278,0.3,278,95.3671
279,1.3,279,0.272907,279,1.12094,279,0.3,279,95.8066
280,1.3,280,0.272907,280,1.12094,280,0.3,280,95.8066
281,1.3,281,0.272907,281,1.12094,281,0.3,281,95.8066
282,1.3,282,0.272907,282,1.12094,282,0.3,282,95.3671
283,1.23333,283,0.272907,283,1.12094,283,0.3,283,95.8066
284,1.16667,284,0.272907,284,1.12094,284,0.3,284,95.8066
285,1.06667,285,0.286577,285,1.12094,285,0.3,285,95.3671
286,1.06667,286,0.286577,286,1.12094,286,0.3,286,95.8066
287,1.03333,287,0.286577,287,1.12094,287,0.3,287,95.8066
288,1.1,288,0.286577,288,1.12094,288,0.3,288,95.8066
289,1.13333,289,0.286577,289,1.12094,289,0.3,289,95.8066
290,1.13333,290,0.286577,290,1.12094,290,0.3,290,95.8066
291,1.16667,291,0.286577,291,1.12094,291,0.3,291,95.3671
292,1.13333,292,0.286577,292,1.12094,292,0.3,292,95.3671
293,1.1,293,0.286577,293,1.12094,293,0.3,293,95.3671
294,1.13333,294,0.286577,294,1.12094,294,0.3,294,95.3671
295,1.2,295,0.272907,295,1.12094,295,0.3,295,95.3671
296,1.23333,296,0.272907,296,1.12094,296,0.3,296,95.3671
297,1.3,297,0.272907,297,1.12094,297,0.3,297,95.3671
298,1.33333,298,0.272907,298,1.12094,298,0.3,298,95.3671
299,1.33333,299,0.272907,299,1.12094,299,0.3,299,95.3671
300,1.3,300,0.272907,300,1.12094,300,0.3,300,95.3671
301,1.23333,301,0.272907,301,1.12094,301,0.3,301,95.3671
302,1.23333,302,0.272907,302,1.12094,302,0.3,302,95.3671
303,1.23333,303,0.272907,303,1.12094,303,0.3,303,95.3671
304,1.2,304,0.272907,304,1.12094,304,0.3,304,95.3671
305,1.23333,305,0.272907,305,1.12094,305,0.3,305,95.3671
306,1.23333,306,0.272907,306,1.12094,306,0.3,306,95.3671
307,1.16667,307,0.272907,307,1.12094,307,0.3,307,95.3671
308,1.1,308,0.272907,308,1.12094,308,0.3,308,95.3671
309,1.06667,309,0.286577,309,1.12094,309,0.3,309,95.3671
310,1.03333,310,0.286577,310,1.12094,310,0.3,310,95.3671
311,1.06667,311,0.286577,311,1.12094,311,0.3,311,94.928
312,1.13333,312,0.286577,312,1.12094,312,0.3,312,95.3671
313,1.13333,313,0.286577,313,1.12094,313,0.3,313,95.3671
314,1.2,314,0.286577,314,1.12094,314,0.3,314,95.3671
315,1.16667,315,0.286577,315,1.12094,315,0.3,315,95.3671
316,1.16667,316,0.300248,316,1.12094,316,0.3,316,95.3671
317,1.16667,317,0.286577,317,1.12094,317,0.3,317,95.3671
318,1.16667,318,0.286577,318,1.12094,318,0.3,318,95.3671
319,1.2,319,0.286577,319,1.12094,319,0.3,319,95.3671
320,1.3,320,0.286577,320,1.12094,320,0.3,320,95.3671
321,1.33333,321,0.286577,321,1.12094,321,0.3,321,95.3671
322,1.36667,322,0.286577,322,1.12094,322,0.3,322,94.928
323,1.33333,323,0.286577,323,1.12094,323,0.3,323,94.928
324,1.3,324,0.286577,324,1.12094,324,0.3,324,95.3671
325,1.3,325,0.286577,325,1.12094,325,0.3,325,95.3671
326,1.3,326,0.286577,326,1.12094,326,0.3,326,95.3671
327,1.3,327,0.286577,327,1.12094,327,0.3,327,95.3671
328,1.33333,328,0.286577,328,1.12094,328,0.3,328,95.3671
329,1.36667,329,0.286577,329,1.12094,329,0.3,329,95.3671
330,1.33333,330,0.286577,330,1.12094,330,0.3,330,95.3671
331,1.26667,331,0.286577,331,1.12094,331,0.3,331,95.3671
332,1.2,332,0.286577,332,1.12094,332,0.3,332,95.3671
333,1.16667,333,0.286577,333,1.12094,333,0.3,333,95.3671
334,1.2,334,0.286577,334,1.12094,334,0.3,334,95.3671
335,1.2,335,0.286577,335,1.12094,335,0.3,335,95.3671
336,1.26667,336,0.286577,336,1.12094,336,0.3,336,94.928
337,1.26667,337,0.286577,337,1.12094,337,0.3,337,94.928
338,1.23333,338,0.286577,338,1.12094,338,0.3,338,94.928
339,1.2,339,0.286577,339,1.12094,339,0.3,339,94.928
340,1.16667,340,0.286577,340,1.12094,340,0.3,340,94.928
341,1.16667,341,0.286577,341,1.12094,341,0.3,341,94.928
342,1.16667,342,0.272907,342,1.12094,342,0.3,342,94.928
343,1.26667,343,0.272907,343,1.12094,343,0.3,343,95.3671
344,1.26667,344,0.286577,344,1.12094,344,0.3,344,95.3671
345,1.3,345,0.286577,345,1.12094,345,0.3,345,94.928
346,1.3,346,0.286577,346,1.12094,346,0.3,346,95.3671
347,1.2,347,0.286577,347,1.12094,347,0.3,347,94.928
348,1.16667,348,0.286577,348,1.12094,348,0.3,348,94.928
349,1.16667,349,0.286577,349,1.12094,349,0.3,349,94.928
350,1.2,350,0.286577,350,1.12094,350,0.3,350,95.3671
351,1.23333,351,0.286577,351,1.12094,351,0.3,351,94.928
352,1.3,352,0.286577,352,1.12094,352,0.3,352,95.3671
353,1.26667,353,0.286577,353,1.12094,353,0.3,353,95.3671
354,1.23333,354,0.286577,354,1.12094,354,0.3,354,94.928
355,1.23333,355,0.300248,355,1.12094,355,0.3,355,94.928
356,1.23333,356,0.300248,356,1.12094,356,0.3,356,94.928
357,1.23333,357,0.300248,357,1.12094,357,0.3,357,94.928
358,1.26667,358,0.300248,358,1.12094,358,0.3,358,95.3671
359,1.3,359,0.300248,359,1.12094,359,0.3,359,95.3671
360,1.33333,360,0.300248,360,1.12094,360,0.3,360,95.3671
361,1.33333,361,0.300248,361,1.12094,361,0.3,361,95.3671
362,1.3,362,0.300248,362,1.12094,362,0.3,362,95.3671
363,1.26667,363,0.300248,363,1.12094,363,0.3,363,95.3671
364,1.26667,364,0.300248,364,1.12094,364,0.3,364,95.3671
365,1.33333,365,0.300248,365,1.12094,365,0.3,365,95.3671
366,1.36667,366,0.300248,366,1.12094,366,0.3,366,95.3671
367,1.43333,367,0.300248,367,1.12094,367,0.3,367,95.3671
368,1.4,368,0.300248,368,1.12094,368,0.3,368,95.3671
369,1.36667,369,0.300248,369,1.12094,369,0.3,369,95.3671
370,1.36667,370,0.300248,370,1.12094,370,0.3,370,95.3671
371,1.36667,371,0.300248,371,1.12094,371,0.3,371,95.3671
372,1.36667,372,0.313918,372,1.12094,372,0.3,372,95.3671
373,1.4,373,0.313918,373,1.12094,373,0.3,373,95.3671
374,1.43333,374,0.313918,374,1.12094,374,0.3,374,95.3671
375,1.36667,375,0.313918,375,1.12094,375,0.3,375,95.3671
376,1.36667,376,0.313918,376,1.12094,376,0.3,376,95.3671
377,1.3,377,0.313918,377,1.12094,377,0.3,377,95.3671
378,1.33333,378,0.313918,378,1.12094,378,0.3,378,94.928
379,1.4,379,0.313918,379,1.12094,379,0.3,379,94.928
380,1.43333,380,0.313918,380,1.12094,380,0.3,380,94.928
381,1.43333,381,0.313918,381,1.12094,381,0.3,381,94.928
382,1.46667,382,0.300248,382,1.12094,382,0.3,382,94.928
383,1.43333,383,0.286577,383,1.12094,383,0.3,383,94.928
384,1.4,384,0.286577,384,1.12094,384,0.3,384,94.928
385,1.43333,385,0.286577,385,1.12094,385,0.3,385,94.928
386,1.43333,386,0.286577,386,1.12094,386,0.3,386,94.928
387,1.46667,387,0.286577,387,1.12094,387,0.3,387,94.928
388,1.46667,388,0.272907,388,1.12094,388,0.3,388,94.928
389,1.36667,389,0.272907,389,1.12094,389,0.3,389,94.928
390,1.3,390,0.272907,390,1.12094,390,0.3,390,94.928
391,1.23333,391,0.272907,391,1.12094,391,0.3,391,94.928
392,1.2,392,0.272907,392,1.12094,392,0.3,392,94.928
393,1.16667,393,0.272907,393,1.12094,393,0.3,393,94.928
394,1.2,394,0.286577,394,1.12094,394,0.3,394,94.928
395,1.2,395,0.286577,395,1.12094,395,0.3,395,94.928
396,1.06667,396,0.286577,396,1.12094,396,0.3,396,94.928
397,1.06667,397,0.286577,397,1.12094,397,0.3,397,94.928
398,1.03333,398,0.286577,398,1.12094,398,0.3,398,94.928
399,1.03333,399,0.286577,399,1.12094,399,0.3,399,95.3671
400,1.03333,400,0.286577,400,1.12094,400,0.3,400,94.928
401,1.13333,401,0.286577,401,1.12094,401,0.3,401,94.928
402,1.2,402,0.286577,402,1.12094,402,0.3,402,94.928
403,1.23333,403,0.286577,403,1.12094,403,0.3,403,94.928
404,1.26667,404,0.286577,404,1.12094,404,0.3,404,95.3671
405,1.26667,405,0.327588,405,1.12094,405,0.3,405,95.3671
406,1.26667,406,0.341259,406,1.12094,406,0.3,406,95.3671
407,1.23333,407,0.3686,407,1.12094,407,0.3,407,95.3671
408,1.26667,408,0.395941,408,1.12094,408,0.3,408,95.3671
409,1.36667,409,0.409611,409,1.12094,409,0.3,409,95.3671
410,1.43333,410,0.409611,410,1.12094,410,0.3,410,95.3671
411,1.5,411,0.409611,411,1.12094,411,0.3,411,95.3671
412,1.6,412,0.409611,412,1.12094,412,0.3,412,95.3671
413,1.66667,413,0.409611,413,1.12094,413,0.3,413,95.3671
414,1.8,414,0.409611,414,1.12094,414,0.3,414,95.3671
415,1.96667,415,0.409611,415,1.12094,415,0.3,415,95.3671
416,2.1,416,0.409611,416,1.12094,416,0.3,416,94.928
417,2.16667,417,0.395941,417,1.12094,417,0.3,417,94.928
418,2.2,418,0.395941,418,1.12094,418,0.3,418,94.928
419,2.3,419,0.395941,419,1.12094,419,0.3,419,94.928
420,2.33333,420,0.3686,420,1.12094,420,0.3,420,94.928
421,2.36667,421,0.3686,421,1.12094,421,0.3,421,95.3671
422,2.33333,422,0.341259,422,1.12094,422,0.3,422,94.928
423,2.3,423,0.313918,423,1.12094,423,0.3,423,94.928
424,2.3,424,0.286577,424,1.12094,424,0.3,424,94.928
425,2.26667,425,0.286577,425,1.12094,425,0.3,425,94.928
426,2.1,426,0.286577,426,1.12094,426,0.3,426,94.928
427,2,427,0.286577,427,1.12094,427,0.3,427,94.928
428,1.9,428,0.286577,428,1.12094,428,0.3,428,94.928
429,1.73333,429,0.272907,429,1.12094,429,0.3,429,94.928
430,1.46667,430,0.272907,430,1.12094,430,0.3,430,94.928
431,1.3,431,0.272907,431,1.12094,431,0.3,431,94.928
432,1.1,432,0.272907,432,1.12094,432,0.3,432,94.928
433,0.966667,433,0.272907,433,1.12094,433,0.3,433,94.928
434,0.866667,434,0.272907,434,1.12094,434,0.3,434,94.928
435,0.833333,435,0.272907,435,1.12094,435,0.3,435,94.928
436,0.8,436,0.272907,436,1.12094,436,0.3,436,94.928
437,0.8,437,0.272907,437,1.12094,437,0.3,437,94.928
438,0.8,438,0.272907,438,1.12094,438,0.3,438,94.928
439,0.833333,439,0.272907,439,1.12094,439,0.3,439,95.3671
440,0.833333,440,0.272907,440,1.12094,440,0.3,440,95.3671
441,0.866667,441,0.272907,441,1.12094,441,0.3,441,95.3671
442,0.9,442,0.272907,442,1.12094,442,0.3,442,95.3671
443,0.9,443,0.272907,443,1.12094,443,0.3,443,95.3671
444,0.966667,444,0.272907,444,1.12094,444,0.3,444,95.3671
445,1.06667,445,0.272907,445,1.12094,445,0.3,445,95.3671
446,1.16667,446,0.272907,446,1.12094,446,0.3,446,95.3671
447,1.26667,447,0.272907,447,1.12094,447,0.3,447,95.3671
448,1.33333,448,0.272907,448,1.12094,448,0.3,448,95.3671
449,1.36667,449,0.272907,449,1.12094,449,0.3,449,95.3671
450,1.33333,450,0.272907,450,1.12094,450,0.3,450,95.3671
451,1.33333,451,0.272907,451,1.12094,451,0.3,451,95.3671
452,1.3,452,0.272907,452,1.12094,452,0.3,452,95.3671
453,1.3,453,0.272907,453,1.12094,453,0.3,453,95.3671
454,1.3,454,0.272907,454,1.12094,454,0.3,454,95.3671
455,1.33333,455,0.272907,455,1.12094,455,0.3,455,95.3671
456,1.26667,456,0.272907,456,1.12094,456,0.3,456,95.3671
457,1.2,457,0.272907,457,1.12094,457,0.3,457,95.3671
458,1.1,458,0.272907,458,1.12094,458,0.3,458,94.928
459,1.06667,459,0.272907,459,1.12094,459,0.3,459,94.928
460,1.03333,460,0.272907,460,1.12094,460,0.3,460,94.928
461,1.03333,461,0.272907,461,1.12094,461,0.3,461,94.928
462,1.1,462,0.272907,462,1.12094,462,0.3,462,94.928
463,1.16667,463,0.272907,463,1.12094,463,0.3,463,94.928
464,1.16667,464,0.272907,464,1.12094,464,0.3,464,94.928
465,1.13333,465,0.272907,465,1.12094,465,0.3,465,94.928
466,1.1,466,0.272907,466,1.12094,466,0.3,466,94.928
467,1.1,467,0.272907,467,1.12094,467,0.3,467,94.928
468,1.06667,468,0.272907,468,1.12094,468,0.3,468,94.928
469,1.1,469,0.272907,469,1.12094,469,0.3,469,94.928
470,1.13333,470,0.272907,470,1.12094,470,0.3,470,94.928
471,1.2,471,0.272907,471,1.12094,471,0.3,471,94.928
472,1.23333,472,0.272907,472,1.12094,472,0.3,472,94.928
473,1.23333,473,0.272907,473,1.12094,473,0.3,473,94.928
474,1.2,474,0.272907,474,1.12094,474,0.3,474,94.928
475,1.13333,475,0.272907,475,1.12094,475,0.3,475,94.928
476,1.1,476,0.272907,476,1.12094,476,0.3,476,94.928
477,1.1,477,0.272907,477,1.12094,477,0.3,477,94.928
478,1.13333,478,0.272907,478,1.12094,478,0.3,478,94.928
479,1.2,479,0.272907,479,1.12094,479,0.3,479,94.928
480,1.2,480,0.272907,480,1.12094,480,0.3,480,94.928
481,1.2,481,0.272907,481,1.12094,481,0.3,481,94.928
482,1.16667,482,0.272907,482,1.12094,482,0.3,482,94.928
483,1.1,483,0.272907,483,1.12094,483,0.3,483,94.928
484,1.1,484,0.272907,484,1.12094,484,0.3,484,94.928
485,1.13333,485,0.286577,485,1.12094,485,0.3,485,94.928
486,1.16667,486,0.286577,486,1.12094,486,0.3,486,94.928
487,1.16667,487,0.286577,487,1.12094,487,0.3,487,94.928
488,1.2,488,0.286577,488,1.12094,488,0.3,488,94.928
489,1.23333,489,0.286577,489,1.12094,489,0.3,489,94.928
490,1.2,490,0.286577,490,1.12094,490,0.3,490,94.928
491,1.13333,491,0.286577,491,1.12094,491,0.3,491,94.928
492,1.06667,492,0.286577,492,1.12094,492,0.3,492,94.928
493,1.13333,493,0.286577,493,1.12094,493,0.3,493,94.928
494,1.2,494,0.286577,494,1.12094,494,0.3,494,94.928
495,1.23333,495,0.286577,495,1.12094,495,0.3,495,94.928
496,1.3,496,0.286577,496,1.12094,496,0.3,496,94.928
497,1.3,497,0.286577,497,1.12094,497,0.3,497,94.928
498,1.3,498,0.286577,498,1.12094,498,0.3,498,94.928
499,1.3,499,0.286577,499,1.12094,499,0.3,499,94.928
500,1.26667,500,0.286577,500,1.12094,500,0.3,500,94.928
501,1.26667,501,0.286577,501,1.12094,501,0.3,501,94.928
502,1.3,502,0.286577,502,1.12094,502,0.3,502,94.928
503,1.33333,503,0.300248,503,1.12094,503,0.3,503,94.928
504,1.33333,504,0.313918,504,1.12094,504,0.3,504,94.928
505,1.3,505,0.38227,505,1.12094,505,0.3,505,94.928
506,1.26667,506,0.38227,506,1.12094,506,0.3,506,94.928
507,1.2,507,0.395941,507,1.12094,507,0.3,507,94.928
508,1.23333,508,0.395941,508,1.12094,508,0.3,508,94.928
509,1.33333,509,0.395941,509,1.12094,509,0.3,509,94.928
510,1.46667,510,0.395941,510,1.12094,510,0.3,510,94.928
511,1.56667,511,0.395941,511,1.12094,511,0.3,511,94.928
512,1.7,512,0.409611,512,1.12094,512,0.3,512,94.928
513,1.8,513,0.409611,513,1.12094,513,0.3,513,94.928
514,1.93333,514,0.409611,514,1.12094,514,0.3,514,94.928
515,2.03333,515,0.409611,515,1.12094,515,0.3,515,94.928
516,2.2,516,0.409611,516,1.12094,516,0.3,516,94.928
517,2.23333,517,0.409611,517,1.12094,517,0.3,517,94.928
518,2.3,518,0.409611,518,1.12094,518,0.3,518,94.928
519,2.3,519,0.395941,519,1.12094,519,0.3,519,94.928
520,2.4,520,0.395941,520,1.12094,520,0.3,520,94.928
521,2.36667,521,0.395941,521,1.12094,521,0.3,521,94.928
522,2.33333,522,0.395941,522,1.12094,522,0.3,522,94.928
523,2.33333,523,0.3686,523,1.12094,523,0.3,523,94.928
524,2.33333,524,0.354929,524,1.12094,524,0.3,524,94.928
525,2.26667,525,0.341259,525,1.12094,525,0.3,525,94.928
526,2.16667,526,0.327588,526,1.12094,526,0.3,526,94.928
527,2.13333,527,0.327588,527,1.12094,527,0.3,527,94.928
528,2.03333,528,0.300248,528,1.12094,528,0.3,528,94.928
529,1.96667,529,0.300248,529,1.12094,529,0.3,529,94.928
530,1.8,530,0.286577,530,1.12094,530,0.3,530,94.928
531,1.66667,531,0.286577,531,1.12094,531,0.3,531,94.928
532,1.53333,532,0.286577,532,1.12094,532,0.3,532,94.928
533,1.43333,533,0.286577,533,1.12094,533,0.3,533,94.4892
534,1.3,534,0.286577,534,1.12094,534,0.3,534,94.4892
535,1.2,535,0.286577,535,1.12094,535,0.3,535,94.928
536,1.06667,536,0.286577,536,1.12094,536,0.3,536,94.4892
537,0.933333,537,0.286577,537,1.12094,537,0.3,537,94.4892
538,0.833333,538,0.272907,538,1.12094,538,0.3,538,94.928
539,0.8,539,0.272907,539,1.12094,539,0.3,539,94.928
540,0.833333,540,0.272907,540,1.12094,540,0.3,540,94.4892
541,0.9,541,0.272907,541,1.12094,541,0.3,541,94.4892
542,0.966667,542,0.272907,542,1.12094,542,0.3,542,94.4892
543,1.06667,543,0.272907,543,1.12094,543,0.3,543,94.4892
544,1.13333,544,0.272907,544,1.12094,544,0.3,544,94.4892
545,1.16667,545,0.272907,545,1.12094,545,0.3,545,94.4892
546,1.2,546,0.272907,546,1.12094,546,0.3,546,94.4892
547,1.13333,547,0.272907,547,1.12094,547,0.3,547,94.4892
548,1.2,548,0.272907,548,1.12094,548,0.3,548,94.4892
549,1.23333,549,0.272907,549,1.12094,549,0.3,549,94.4892
550,1.3,550,0.272907,550,1.12094,550,0.3,550,94.4892
551,1.33333,551,0.272907,551,1.12094,551,0.3,551,94.4892
552,1.33333,552,0.286577,552,1.12094,552,0.3,552,94.4892
553,1.3,553,0.286577,553,1.12094,553,0.3,553,94.4892
554,1.23333,554,0.286577,554,1.12094,554,0.3,554,94.928
555,1.16667,555,0.300248,555,1.12094,555,0.3,555,94.928
556,1.13333,556,0.354929,556,1.12094,556,0.3,556,94.4892
557,1.16667,557,0.354929,557,1.12094,557,0.3,557,94.4892
558,1.2,558,0.38227,558,1.12094,558,0.3,558,94.4892
559,1.26667,559,0.38227,559,1.12094,559,0.3,559,94.4892
560,1.33333,560,0.38227,560,1.12094,560,0.3,560,94.4892
561,1.36667,561,0.38227,561,1.12094,561,0.3,561,94.4892
562,1.43333,562,0.38227,562,1.12094,562,0.3,562,94.4892
563,1.53333,563,0.38227,563,1.12094,563,0.3,563,94.4892
564,1.66667,564,0.354929,564,1.12094,564,0.3,564,94.4892
565,1.8,565,0.354929,565,1.12094,565,0.3,565,94.4892
566,1.93333,566,0.341259,566,1.12094,566,0.3,566,94.4892
567,1.93333,567,0.341259,567,1.12094,567,0.3,567,94.4892
568,1.96667,568,0.341259,568,1.12094,568,0.3,568,94.4892
569,1.96667,569,0.327588,569,1.12094,569,0.3,569,94.4892
570,2.03333,570,0.327588,570,1.12094,570,0.3,570,94.4892
571,2.03333,571,0.327588,571,1.12094,571,0.3,571,94.4892
572,1.96667,572,0.327588,572,1.12094,572,0.3,572,94.928
573,1.86667,573,0.313918,573,1.12094,573,0.3,573,94.928
574,1.76667,574,0.300248,574,1.12094,574,0.3,574,94.928
575,1.73333,575,0.300248,575,1.12094,575,0.3,575,94.4892
576,1.66667,576,0.300248,576,1.12094,576,0.3,576,94.4892
577,1.56667,577,0.300248,577,1.12094,577,0.3,577,94.928
578,1.4,578,0.300248,578,1.12094,578,0.3,578,94.928
579,1.23333,579,0.272907,579,1.12094,579,0.3,579,94.928
580,1.23333,580,0.272907,580,1.12094,580,0.3,580,94.928
581,1.16667,581,0.272907,581,1.12094,581,0.3,581,94.928
582,1.16667,582,0.272907,582,1.12094,582,0.3,582,94.928
583,1.13333,583,0.272907,583,1.12094,583,0.3,583,94.928
584,1.06667,584,0.272907,584,1.12094,584,0.3,584,94.928
585,1,585,0.272907,585,1.12094,585,0.3,585,94.928
586,0.966667,586,0.272907,586,1.12094,586,0.3,586,94.928
587,0.966667,587,0.286577,587,1.12094,587,0.3,587,94.928
588,1,588,0.286577,588,1.12094,588,0.3,588,94.928
589,1,589,0.286577,589,1.12094,589,0.3,589,94.928
590,1.06667,590,0.286577,590,1.12094,590,0.3,590,94.928
591,1.13333,591,0.286577,591,1.12094,591,0.3,591,94.928
592,1.2,592,0.286577,592,1.12094,592,0.3,592,94.928
593,1.2,593,0.286577,593,1.12094,593,0.3,593,94.928
594,1.2,594,0.272907,594,1.12094,594,0.3,594,94.928
595,1.16667,595,0.259236,595,1.12094,595,0.3,595,94.928
596,1.2,596,0.259236,596,1.12094,596,0.3,596,94.928
597,1.23333,597,0.259236,597,1.12094,597,0.3,597,94.928
598,1.26667,598,0.259236,598,1.12094,598,0.3,598,94.928
599,1.3,599,0.259236,599,1.12094,599,0.3,599,94.928
600,1.3,600,0.259236,600,1.12094,600,0.3,600,94.928
601,1.26667,601,0.272907,601,1.12094,601,0.3,601,94.928
602,1.16667,602,0.272907,602,1.12094,602,0.3,602,94.928
603,1.13333,603,0.272907,603,1.12094,603,0.3,603,94.928
604,1.1,604,0.286577,604,1.12094,604,0.3,604,94.928
605,1.13333,605,0.286577,605,1.12094,605,0.3,605,94.928
606,1.13333,606,0.313918,606,1.12094,606,0.3,606,94.928
607,1.13333,607,0.327588,607,1.12094,607,0.3,607,94.928
608,1.1,608,0.354929,608,1.12094,608,0.3,608,94.928
609,1.06667,609,0.354929,609,1.12094,609,0.3,609,94.928
610,1.1,610,0.354929,610,1.12094,610,0.3,610,94.928
611,1.13333,611,0.3686,611,1.12094,611,0.3,611,94.928
612,1.2,612,0.3686,612,1.12094,612,0.3,612,94.928
613,1.33333,613,0.3686,613,1.12094,613,0.3,613,94.928
614,1.5,614,0.354929,614,1.12094,614,0.3,614,94.928
615,1.63333,615,0.354929,615,1.12094,615,0.3,615,94.928
616,1.73333,616,0.341259,616,1.12094,616,0.3,616,94.928
617,1.83333,617,0.327588,617,1.12094,617,0.3,617,94.928
618,1.93333,618,0.313918,618,1.12094,618,0.3,618,94.928
619,2,619,0.313918,619,1.12094,619,0.3,619,94.4892
620,2.06667,620,0.313918,620,1.12094,620,0.3,620,94.4892
621,2,621,0.313918,621,1.12094,621,0.3,621,94.4892
622,1.93333,622,0.313918,622,1.12094,622,0.3,622,94.4892
623,1.9,623,0.286577,623,1.12094,623,0.3,623,94.4892
624,1.8,624,0.286577,624,1.12094,624,0.3,624,94.4892
625,1.76667,625,0.286577,625,1.12094,625,0.3,625,94.4892
626,1.66667,626,0.286577,626,1.12094,626,0.3,626,94.4892
627,1.53333,627,0.286577,627,1.12094,627,0.3,627,94.4892
628,1.4,628,0.300248,628,1.12094,628,0.3,628,94.4892
629,1.3,629,0.300248,629,1.12094,629,0.3,629,94.4892
630,1.16667,630,0.286577,630,1.12094,630,0.3,630,94.4892
631,1.13333,631,0.286577,631,1.12094,631,0.3,631,94.4892
632,1.1,632,0.286577,632,1.12094,632,0.3,632,94.4892
633,1.06667,633,0.286577,633,1.12094,633,0.3,633,94.4892
634,0.966667,634,0.272907,634,1.12094,634,0.3,634,94.4892
635,0.933333,635,0.286577,635,1.12094,635,0.3,635,94.0507
636,0.933333,636,0.272907,636,1.12094,636,0.3,636,94.4892
637,0.933333,637,0.272907,637,1.12094,637,0.3,637,94.4892
638,1,638,0.272907,638,1.12094,638,0.3,638,94.4892
639,1.06667,639,0.272907,639,1.12094,639,0.3,639,94.4892
640,1.16667,640,0.272907,640,1.12094,640,0.3,640,94.4892
641,1.23333,641,0.272907,641,1.12094,641,0.3,641,94.4892
642,1.3,642,0.272907,642,1.12094,642,0.3,642,94.4892
643,1.23333,643,0.272907,643,1.12094,643,0.3,643,94.4892
644,1.2,644,0.286577,644,1.12094,644,0.3,644,94.4892
645,1.23333,645,0.286577,645,1.12094,645,0.3,645,94.4892
646,1.23333,646,0.272907,646,1.12094,646,0.3,646,94.4892
647,1.26667,647,0.272907,647,1.12094,647,0.3,647,94.4892
648,1.26667,648,0.272907,648,1.12094,648,0.3,648,94.4892
649,1.3,649,0.272907,649,1.12094,649,0.3,649,94.4892
650,1.26667,650,0.272907,650,1.12094,650,0.3,650,94.4892
651,1.2,651,0.272907,651,1.12094,651,0.3,651,94.4892
652,1.16667,652,0.272907,652,1.12094,652,0.3,652,94.4892
653,1.1,653,0.272907,653,1.12094,653,0.3,653,94.4892
654,1.1,654,0.272907,654,1.12094,654,0.3,654,94.4892
655,1.13333,655,0.272907,655,1.12094,655,0.3,655,94.4892
656,1.13333,656,0.272907,656,1.12094,656,0.3,656,94.4892
657,1.16667,657,0.272907,657,1.12094,657,0.3,657,94.4892
658,1.16667,658,0.272907,658,1.12094,658,0.3,658,94.4892
659,1.13333,659,0.272907,659,1.12094,659,0.3,659,94.4892
660,1.1,660,0.272907,660,1.12094,660,0.3,660,94.4892
661,1.06667,661,0.272907,661,1.12094,661,0.3,661,94.4892
662,1.1,662,0.272907,662,1.12094,662,0.3,662,94.4892
663,1.16667,663,0.286577,663,1.12094,663,0.3,663,94.4892
664,1.16667,664,0.272907,664,1.12094,664,0.3,664,94.4892
665,1.2,665,0.272907,665,1.12094,665,0.3,665,94.928
666,1.2,666,0.272907,666,1.12094,666,0.3,666,94.928
667,1.2,667,0.272907,667,1.12094,667,0.3,667,94.928
668,1.13333,668,0.272907,668,1.12094,668,0.3,668,94.928
669,1.1,669,0.272907,669,1.12094,669,0.3,669,94.928
670,1.1,670,0.272907,670,1.12094,670,0.3,670,94.928
671,1.13333,671,0.272907,671,1.12094,671,0.3,671,94.928
672,1.2,672,0.272907,672,1.12094,672,0.3,672,94.928
673,1.23333,673,0.272907,673,1.12094,673,0.3,673,94.928
674,1.23333,674,0.272907,674,1.12094,674,0.3,674,94.928
675,1.2,675,0.272907,675,1.12094,675,0.3,675,94.928
676,1.16667,676,0.272907,676,1.12094,676,0.3,676,94.928
677,1.13333,677,0.286577,677,1.12094,677,0.3,677,94.928
678,1.13333,678,0.286577,678,1.12094,678,0.3,678,94.928
679,1.13333,679,0.286577,679,1.12094,679,0.3,679,94.928
680,1.13333,680,0.286577,680,1.12094,680,0.3,680,94.928
681,1.2,681,0.272907,681,1.12094,681,0.3,681,94.928
682,1.23333,682,0.272907,682,1.12094,682,0.3,682,94.928
683,1.2,683,0.272907,683,1.12094,683,0.3,683,94.928
684,1.16667,684,0.272907,684,1.12094,684,0.3,684,94.928
685,1.13333,685,0.272907,685,1.12094,685,0.3,685,94.928
686,1.1,686,0.286577,686,1.12094,686,0.3,686,94.928
687,1.13333,687,0.286577,687,1.12094,687,0.3,687,94.928
688,1.2,688,0.272907,688,1.12094,688,0.3,688,94.928
689,1.2,689,0.272907,689,1.12094,689,0.3,689,94.928
690,1.2,690,0.272907,690,1.12094,690,0.3,690,94.928
691,1.2,691,0.272907,691,1.12094,691,0.3,691,94.928
692,1.16667,692,0.286577,692,1.12094,692,0.3,692,94.928
693,1.13333,693,0.272907,693,1.12094,693,0.3,693,94.928
694,1.1,694,0.272907,694,1.12094,694,0.3,694,94.928
695,1.1,695,0.272907,695,1.12094,695,0.3,695,94.928
696,1.16667,696,0.272907,696,1.12094,696,0.3,696,94.928
697,1.2,697,0.272907,697,1.12094,697,0.3,697,94.928
698,1.23333,698,0.272907,698,1.12094,698,0.3,698,94.928
699,1.23333,699,0.272907,699,1.12094,699,0.3,699,94.928
700,1.16667,700,0.272907,700,1.12094,700,0.3,700,94.928
701,1.13333,701,0.272907,701,1.12094,701,0.3,701,94.928
702,1.1,702,0.272907,702,1.12094,702,0.3,702,94.928
703,1.1,703,0.272907,703,1.12094,703,0.3,703,94.928
704,1.1,704,0.272907,704,1.12094,704,0.3,704,94.928
705,1.16667,705,0.272907,705,1.12094,705,0.3,705,94.928
706,1.16667,706,0.272907,706,1.12094,706,0.3,706,94.928
707,1.2,707,0.272907,707,1.12094,707,0.3,707,94.928
708,1.16667,708,0.286577,708,1.12094,708,0.3,708,94.928
709,1.06667,709,0.300248,709,1.12094,709,0.3,709,95.3671
710,1.1,710,0.300248,710,1.12094,710,0.3,710,95.3671
711,1.1,711,0.300248,711,1.12094,711,0.3,711,95.3671
712,1.1,712,0.300248,712,1.12094,712,0.3,712,95.3671
713,1.16667,713,0.300248,713,1.12094,713,0.3,713,94.928
714,1.23333,714,0.300248,714,1.12094,714,0.3,714,95.3671
715,1.3,715,0.300248,715,1.12094,715,0.3,715,94.928
716,1.3,716,0.300248,716,1.12094,716,0.3,716,94.928
717,1.3,717,0.300248,717,1.12094,717,0.3,717,94.928
718,1.3,718,0.286577,718,1.12094,718,0.3,718,94.928
719,1.33333,719,0.272907,719,1.12094,719,0.3,719,94.928
720,1.43333,720,0.272907,720,1.12094,720,0.3,720,94.928
721,1.46667,721,0.272907,721,1.12094,721,0.3,721,94.928
722,1.43333,722,0.272907,722,1.12094,722,0.3,722,94.928
723,1.4,723,0.286577,723,1.12094,723,0.3,723,94.928
724,1.36667,724,0.286577,724,1.12094,724,0.3,724,94.928
725,1.3,725,0.286577,725,1.12094,725,0.3,725,94.928
726,1.26667,726,0.286577,726,1.12094,726,0.3,726,94.928
727,1.23333,727,0.272907,727,1.12094,727,0.3,727,94.928
728,1.23333,728,0.286577,728,1.12094,728,0.3,728,94.928
729,1.2,729,0.286577,729,1.12094,729,0.3,729,94.928
730,1.16667,730,0.286577,730,1.12094,730,0.3,730,94.928
731,1.13333,731,0.286577,731,1.12094,731,0.3,731,94.928
732,1.06667,732,0.286577,732,1.12094,732,0.3,732,94.928
733,1.03333,733,0.286577,733,1.12094,733,0.3,733,94.928
734,1.06667,734,0.286577,734,1.12094,734,0.3,734,94.928
735,1.1,735,0.286577,735,1.12094,735,0.3,735,94.928
736,1.16667,736,0.286577,736,1.12094,736,0.3,736,94.928
737,1.23333,737,0.286577,737,1.12094,737,0.3,737,94.928
738,1.26667,738,0.286577,738,1.12094,738,0.3,738,94.928
739,1.26667,739,0.286577,739,1.12094,739,0.3,739,94.928
740,1.23333,740,0.286577,740,1.12094,740,0.3,740,94.928
741,1.26667,741,0.286577,741,1.12094,741,0.3,741,94.928
742,1.26667,742,0.313918,742,1.12094,742,0.3,742,94.928
743,1.3,743,0.313918,743,1.12094,743,0.3,743,95.3671
744,1.33333,744,0.3686,744,1.12094,744,0.3,744,95.3671
745,1.33333,745,0.3686,745,1.12094,745,0.3,745,95.3671
746,1.33333,746,0.3686,746,1.12094,746,0.3,746,95.3671
747,1.33333,747,0.3686,747,1.12094,747,0.3,747,95.3671
748,1.33333,748,0.3686,748,1.12094,748,0.3,748,95.3671
749,1.4,749,0.3686,749,1.12094,749,0.3,749,95.3671
750,1.5,750,0.313918,750,1.12094,750,0.3,750,95.3671
751,1.63333,751,0.300248,751,1.12094,751,0.3,751,95.3671
752,1.73333,752,0.300248,752,1.12094,752,0.3,752,95.3671
753,1.76667,753,0.300248,753,1.12094,753,0.3,753,95.3671
754,1.8,754,0.300248,754,1.12094,754,0.3,754,95.3671
755,1.8,755,0.300248,755,1.12094,755,0.3,755,95.3671
756,1.83333,756,0.313918,756,1.12094,756,0.3,756,95.3671
757,1.8,757,0.354929,757,1.12094,757,0.3,757,95.3671
758,1.66667,758,0.354929,758,1.12094,758,0.3,758,95.3671
759,1.6,759,0.354929,759,1.12094,759,0.3,759,95.3671
760,1.53333,760,0.354929,760,1.12094,760,0.3,760,95.3671
761,1.5,761,0.354929,761,1.12094,761,0.3,761,95.3671
762,1.53333,762,0.354929,762,1.12094,762,0.3,762,95.3671
763,1.56667,763,0.354929,763,1.12094,763,0.3,763,95.3671
764,1.5,764,0.341259,764,1.12094,764,0.3,764,95.3671
765,1.53333,765,0.313918,765,1.12094,765,0.3,765,95.3671
766,1.56667,766,0.300248,766,1.12094,766,0.3,766,95.3671
767,1.6,767,0.286577,767,1.12094,767,0.3,767,95.3671
768,1.6,768,0.286577,768,1.12094,768,0.3,768,95.3671
769,1.66667,769,0.286577,769,1.12094,769,0.3,769,95.3671
770,1.56667,770,0.286577,770,1.12094,770,0.3,770,95.3671
771,1.5,771,0.272907,771,1.12094,771,0.3,771,95.3671
772,1.46667,772,0.272907,772,1.12094,772,0.3,772,95.8066
773,1.43333,773,0.272907,773,1.12094,773,0.3,773,95.8066
774,1.43333,774,0.272907,774,1.12094,774,0.3,774,95.8066
775,1.36667,775,0.259236,775,1.12094,775,0.3,775,95.3671
776,1.26667,776,0.272907,776,1.12094,776,0.3,776,95.3671
777,1.16667,777,0.272907,777,1.12094,777,0.3,777,95.3671
778,1.03333,778,0.272907,778,1.12094,778,0.3,778,95.8066
779,1,779,0.272907,779,1.12094,779,0.3,779,95.8066
780,0.966667,780,0.272907,780,1.12094,780,0.3,780,95.8066
781,1,781,0.272907,781,1.12094,781,0.3,781,95.8066
782,1.03333,782,0.272907,782,1.12094,782,0.3,782,95.8066
783,1.03333,783,0.259236,783,1.12094,783,0.3,783,95.8066
784,1.06667,784,0.272907,784,1.12094,784,0.3,784,95.8066
785,1.03333,785,0.272907,785,1.12094,785,0.3,785,95.8066
786,1,786,0.272907,786,1.12094,786,0.3,786,95.8066
787,1,787,0.272907,787,1.12094,787,0.3,787,95.8066
788,0.966667,788,0.272907,788,1.12094,788,0.3,788,95.8066
789,1,789,0.259236,789,1.12094,789,0.3,789,95.3671
790,1.06667,790,0.272907,790,1.12094,790,0.3,790,95.3671
791,1.16667,791,0.272907,791,1.12094,791,0.3,791,95.3671
792,1.23333,792,0.272907,792,1.12094,792,0.3,792,95.3671
793,1.26667,793,0.272907,793,1.12094,793,0.3,793,95.3671
794,1.2,794,0.272907,794,1.12094,794,0.3,794,95.3671
795,1.2,795,0.272907,795,1.12094,795,0.3,795,95.3671
796,1.16667,796,0.272907,796,1.12094,796,0.3,796,95.3671
797,1.13333,797,0.286577,797,1.12094,797,0.3,797,95.3671
798,1.16667,798,0.286577,798,1.12094,798,0.3,798,95.3671
799,1.23333,799,0.300248,799,1.12094,799,0.3,799,94.928
800,1.26667,800,0.300248,800,1.12094,800,0.3,800,94.928
801,1.23333,801,0.300248,801,1.12094,801,0.3,801,94.928
802,1.23333,802,0.313918,802,1.12094,802,0.3,802,94.928
803,1.2,803,0.313918,803,1.12094,803,0.3,803,94.928
804,1.2,804,0.327588,804,1.12094,804,0.3,804,95.3671
805,1.2,805,0.341259,805,1.12094,805,0.3,805,94.928
806,1.23333,806,0.341259,806,1.12094,806,0.3,806,95.3671
807,1.33333,807,0.341259,807,1.12094,807,0.3,807,95.3671
808,1.43333,808,0.341259,808,1.12094,808,0.3,808,95.3671
809,1.46667,809,0.341259,809,1.12094,809,0.3,809,95.3671
810,1.53333,810,0.354929,810,1.12094,810,0.3,810,95.3671
811,1.56667,811,0.354929,811,1.12094,811,0.3,811,95.3671
812,1.6,812,0.354929,812,1.12094,812,0.3,812,95.3671
813,1.7,813,0.341259,813,1.12094,813,0.3,813,95.3671
814,1.8,814,0.341259,814,1.12094,814,0.3,814,95.3671
815,1.83333,815,0.313918,815,1.12094,815,0.3,815,95.3671
816,1.8,816,0.313918,816,1.12094,816,0.3,816,95.3671
817,1.8,817,0.300248,817,1.12094,817,0.3,817,95.3671
818,1.8,818,0.300248,818,1.12094,818,0.3,818,95.3671
819,1.8,819,0.300248,819,1.12094,819,0.3,819,95.3671
820,1.73333,820,0.300248,820,1.12094,820,0.3,820,95.3671
821,1.66667,821,0.286577,821,1.12094,821,0.3,821,95.3671
822,1.56667,822,0.286577,822,1.12094,822,0.3,822,95.3671
823,1.46667,823,0.300248,823,1.12094,823,0.3,823,95.3671
824,1.43333,824,0.300248,824,1.12094,824,0.3,824,95.3671
825,1.36667,825,0.300248,825,1.12094,825,0.3,825,95.3671
826,1.23333,826,0.300248,826,1.12094,826,0.3,826,95.3671
827,1.2,827,0.300248,827,1.12094,827,0.3,827,95.3671
828,1.1,828,0.300248,828,1.12094,828,0.3,828,95.3671
829,1.06667,829,0.286577,829,1.12094,829,0.3,829,95.3671
830,1.03333,830,0.286577,830,1.12094,830,0.3,830,95.3671
831,1.03333,831,0.286577,831,1.12094,831,0.3,831,95.3671
832,1.1,832,0.286577,832,1.12094,832,0.3,832,95.3671
833,1.13333,833,0.272907,833,1.12094,833,0.3,833,95.3671
834,1.23333,834,0.272907,834,1.12094,834,0.3,834,95.3671
835,1.23333,835,0.272907,835,1.12094,835,0.3,835,94.928
836,1.23333,836,0.272907,836,1.12094,836,0.3,836,95.3671
837,1.2,837,0.286577,837,1.12094,837,0.3,837,95.3671
838,1.2,838,0.272907,838,1.12094,838,0.3,838,94.928
839,1.23333,839,0.286577,839,1.12094,839,0.3,839,94.928
840,1.26667,840,0.272907,840,1.12094,840,0.3,840,94.928
841,1.26667,841,0.286577,841,1.12094,841,0.3,841,94.928
842,1.26667,842,0.272907,842,1.12094,842,0.3,842,95.3671
843,1.2,843,0.272907,843,1.12094,843,0.3,843,95.3671
844,1.2,844,0.272907,844,1.12094,844,0.3,844,94.928
845,1.16667,845,0.272907,845,1.12094,845,0.3,845,94.928
846,1.16667,846,0.286577,846,1.12094,846,0.3,846,94.928
847,1.13333,847,0.286577,847,1.12094,847,0.3,847,94.928
848,1.16667,848,0.286577,848,1.12094,848,0.3,848,94.928
849,1.2,849,0.286577,849,1.12094,849,0.3,849,94.928
850,1.2,850,0.327588,850,1.12094,850,0.3,850,94.928
851,1.16667,851,0.341259,851,1.12094,851,0.3,851,94.928
852,1.13333,852,0.354929,852,1.12094,852,0.3,852,94.928
853,1.2,853,0.354929,853,1.12094,853,0.3,853,94.928
854,1.2,854,0.354929,854,1.12094,854,0.3,854,94.928
855,1.26667,855,0.3686,855,1.12094,855,0.3,855,94.928
856,1.36667,856,0.3686,856,1.12094,856,0.3,856,94.928
857,1.5,857,0.3686,857,1.12094,857,0.3,857,94.928
858,1.6,858,0.354929,858,1.12094,858,0.3,858,94.928
859,1.66667,859,0.354929,859,1.12094,859,0.3,859,95.3671
860,1.7,860,0.354929,860,1.12094,860,0.3,860,95.3671
861,1.8,861,0.341259,861,1.12094,861,0.3,861,95.3671
862,1.9,862,0.341259,862,1.12094,862,0.3,862,95.3671
863,1.96667,863,0.327588,863,1.12094,863,0.3,863,95.3671
864,1.96667,864,0.327588,864,1.12094,864,0.3,864,95.3671
865,1.96667,865,0.327588,865,1.12094,865,0.3,865,95.3671
866,1.93333,866,0.313918,866,1.12094,866,0.3,866,95.3671
867,1.9,867,0.313918,867,1.12094,867,0.3,867,95.3671
868,1.86667,868,0.313918,868,1.12094,868,0.3,868,95.3671
869,1.73333,869,0.300248,869,1.12094,869,0.3,869,95.3671
870,1.6,870,0.286577,870,1.12094,870,0.3,870,95.3671
871,1.56667,871,0.286577,871,1.12094,871,0.3,871,95.3671
872,1.5,872,0.286577,872,1.12094,872,0.3,872,95.3671
873,1.43333,873,0.286577,873,1.12094,873,0.3,873,95.3671
874,1.36667,874,0.286577,874,1.12094,874,0.3,874,95.3671
875,1.23333,875,0.286577,875,1.12094,875,0.3,875,95.3671
876,1.13333,876,0.286577,876,1.12094,876,0.3,876,95.3671
877,1.1,877,0.286577,877,1.12094,877,0.3,877,95.3671
878,1.03333,878,0.286577,878,1.12094,878,0.3,878,95.3671
879,1.03333,879,0.286577,879,1.12094,879,0.3,879,95.8066
880,1.06667,880,0.286577,880,1.12094,880,0.3,880,95.3671
881,1.1,881,0.286577,881,1.12094,881,0.3,881,95.3671
882,1.13333,882,0.272907,882,1.12094,882,0.3,882,95.3671
883,1.13333,883,0.286577,883,1.12094,883,0.3,883,95.3671
884,1.1,884,0.286577,884,1.12094,884,0.3,884,95.3671
885,1.06667,885,0.286577,885,1.12094,885,0.3,885,95.3671
886,1.1,886,0.286577,886,1.12094,886,0.3,886,95.3671
887,1.16667,887,0.286577,887,1.12094,887,0.3,887,95.3671
888,1.23333,888,0.286577,888,1.12094,888,0.3,888,95.3671
889,1.26667,889,0.286577,889,1.12094,889,0.3,889,95.3671
890,1.3,890,0.286577,890,1.12094,890,0.3,890,95.3671
891,1.3,891,0.286577,891,1.12094,891,0.3,891,95.3671
892,1.26667,892,0.286577,892,1.12094,892,0.3,892,95.3671
893,1.3,893,0.286577,893,1.12094,893,0.3,893,95.3671
894,1.26667,894,0.286577,894,1.12094,894,0.3,894,95.3671
895,1.3,895,0.286577,895,1.12094,895,0.3,895,95.3671
896,1.36667,896,0.286577,896,1.12094,896,0.3,896,95.3671
897,1.4,897,0.300248,897,1.12094,897,0.3,897,95.3671
898,1.36667,898,0.300248,898,1.12094,898,0.3,898,95.3671
899,1.33333,899,0.327588,899,1.12094,899,0.3,899,95.3671
900,1.3,900,0.327588,900,1.12094,900,0.3,900,95.3671
901,1.23333,901,0.341259,901,1.12094,901,0.3,901,95.3671
902,1.23333,902,0.341259,902,1.12094,902,0.3,902,95.3671
903,1.3,903,0.341259,903,1.12094,903,0.3,903,95.3671
904,1.4,904,0.341259,904,1.12094,904,0.3,904,95.3671
905,1.4,905,0.341259,905,1.12094,905,0.3,905,95.3671
906,1.43333,906,0.341259,906,1.12094,906,0.3,906,95.3671
907,1.46667,907,0.354929,907,1.12094,907,0.3,907,95.3671
908,1.5,908,0.354929,908,1.12094,908,0.3,908,95.3671
909,1.6,909,0.354929,909,1.12094,909,0.3,909,95.3671
910,1.73333,910,0.341259,910,1.12094,910,0.3,910,95.3671
911,1.73333,911,0.354929,911,1.12094,911,0.3,911,95.3671
912,1.73333,912,0.354929,912,1.12094,912,0.3,912,94.928
913,1.73333,913,0.354929,913,1.12094,913,0.3,913,94.928
914,1.73333,914,0.3686,914,1.12094,914,0.3,914,94.928
915,1.8,915,0.38227,915,1.12094,915,0.3,915,95.3671
916,1.83333,916,0.38227,916,1.12094,916,0.3,916,94.928
917,1.8,917,0.38227,917,1.12094,917,0.3,917,94.928
918,1.8,918,0.38227,918,1.12094,918,0.3,918,94.928
919,1.76667,919,0.3686,919,1.12094,919,0.3,919,94.928
920,1.8,920,0.3686,920,1.12094,920,0.3,920,94.928
921,1.86667,921,0.3686,921,1.12094,921,0.3,921,94.928
922,1.86667,922,0.3686,922,1.12094,922,0.3,922,94.928
923,1.83333,923,0.300248,923,1.12094,923,0.3,923,94.928
924,1.86667,924,0.300248,924,1.12094,924,0.3,924,94.928
925,1.86667,925,0.300248,925,1.12094,925,0.3,925,94.928
926,1.93333,926,0.300248,926,1.12094,926,0.3,926,94.928
927,1.86667,927,0.300248,927,1.12094,927,0.3,927,94.928
928,1.76667,928,0.286577,928,1.12094,928,0.3,928,94.928
929,1.7,929,0.272907,929,1.12094,929,0.3,929,94.928
930,1.63333,930,0.272907,930,1.12094,930,0.3,930,94.928
931,1.5,931,0.272907,931,1.12094,931,0.3,931,94.928
932,1.46667,932,0.272907,932,1.12094,932,0.3,932,94.928
933,1.33333,933,0.286577,933,1.12094,933,0.3,933,94.928
934,1.2,934,0.286577,934,1.12094,934,0.3,934,94.928
935,1.03333,935,0.286577,935,1.12094,935,0.3,935,94.928
936,1,936,0.272907,936,1.12094,936,0.3,936,94.928
937,0.966667,937,0.272907,937,1.12094,937,0.3,937,95.3671
938,0.933333,938,0.272907,938,1.12094,938,0.3,938,95.3671
939,1,939,0.272907,939,1.12094,939,0.3,939,95.3671
940,1.03333,940,0.272907,940,1.12094,940,0.3,940,94.928
941,1.06667,941,0.272907,941,1.12094,941,0.3,941,95.3671
942,1.06667,942,0.272907,942,1.12094,942,0.3,942,94.928
943,1.06667,943,0.272907,943,1.12094,943,0.3,943,95.3671
944,1.06667,944,0.272907,944,1.12094,944,0.3,944,95.3671
945,1.1,945,0.272907,945,1.12094,945,0.3,945,95.3671
946,1.1,946,0.272907,946,1.12094,946,0.3,946,94.928
947,1.16667,947,0.272907,947,1.12094,947,0.3,947,94.928
948,1.2,948,0.272907,948,1.12094,948,0.3,948,95.3671
949,1.23333,949,0.272907,949,1.12094,949,0.3,949,95.3671
950,1.23333,950,0.272907,950,1.12094,950,0.3,950,95.3671
951,1.23333,951,0.272907,951,1.12094,951,0.3,951,95.3671
952,1.2,952,0.286577,952,1.12094,952,0.3,952,95.3671
953,1.16667,953,0.272907,953,1.12094,953,0.3,953,95.3671
954,1.16667,954,0.272907,954,1.12094,954,0.3,954,95.3671
955,1.2,955,0.272907,955,1.12094,955,0.3,955,95.3671
956,1.23333,956,0.272907,956,1.12094,956,0.3,956,95.3671
957,1.2,957,0.272907,957,1.12094,957,0.3,957,95.3671
958,1.2,958,0.272907,958,1.12094,958,0.3,958,95.3671
959,1.13333,959,0.272907,959,1.12094,959,0.3,959,95.3671
960,1.1,960,0.272907,960,1.12094,960,0.3,960,95.3671
961,1.13333,961,0.272907,961,1.12094,961,0.3,961,95.3671
962,1.06667,962,0.272907,962,1.12094,962,0.3,962,95.3671
963,1.13333,963,0.272907,963,1.12094,963,0.3,963,95.8066
964,1.1,964,0.272907,964,1.12094,964,0.3,964,95.8066
965,1.16667,965,0.272907,965,1.12094,965,0.3,965,95.3671
966,1.16667,966,0.272907,966,1.12094,966,0.3,966,95.3671
967,1.16667,967,0.286577,967,1.12094,967,0.3,967,95.3671
968,1.1,968,0.272907,968,1.12094,968,0.3,968,95.3671
969,1.1,969,0.286577,969,1.12094,969,0.3,969,95.3671
970,1.1,970,0.286577,970,1.12094,970,0.3,970,95.3671
971,1.16667,971,0.272907,971,1.12094,971,0.3,971,95.3671
972,1.2,972,0.272907,972,1.12094,972,0.3,972,95.3671
973,1.26667,973,0.272907,973,1.12094,973,0.3,973,95.3671
974,1.26667,974,0.272907,974,1.12094,974,0.3,974,95.3671
975,1.23333,975,0.286577,975,1.12094,975,0.3,975,95.3671
976,1.2,976,0.272907,976,1.12094,976,0.3,976,95.3671
977,1.2,977,0.272907,977,1.12094,977,0.3,977,95.3671
978,1.2,978,0.272907,978,1.12094,978,0.3,978,95.3671
979,1.16667,979,0.272907,979,1.12094,979,0.3,979,95.3671
980,1.2,980,0.272907,980,1.12094,980,0.3,980,94.928
981,1.23333,981,0.286577,981,1.12094,981,0.3,981,94.928
982,1.2,982,0.286577,982,1.12094,982,0.3,982,95.3671
983,1.16667,983,0.272907,983,1.12094,983,0.3,983,94.928
984,1.1,984,0.286577,984,1.12094,984,0.3,984,94.928
985,1.1,985,0.286577,985,1.12094,985,0.3,985,94.928
986,1.1,986,0.272907,986,1.12094,986,0.3,986,94.928
987,1.13333,987,0.286577,987,1.12094,987,0.3,987,94.928
988,1.16667,988,0.286577,988,1.12094,988,0.3,988,94.928
989,1.23333,989,0.300248,989,1.12094,989,0.3,989,94.928
990,1.23333,990,0.300248,990,1.12094,990,0.3,990,94.928
991,1.2,991,0.300248,991,1.12094,991,0.3,991,94.928
992,1.2,992,0.300248,992,1.12094,992,0.3,992,94.928
993,1.2,993,0.327588,993,1.12094,993,0.3,993,94.928
994,1.23333,994,0.327588,994,1.12094,994,0.3,994,94.928
995,1.3,995,0.341259,995,1.12094,995,0.3,995,94.928
996,1.33333,996,0.3686,996,1.12094,996,0.3,996,94.928
997,1.46667,997,0.3686,997,1.12094,997,0.3,997,94.928
998,1.46667,998,0.3686,998,1.12094,998,0.3,998,94.928
999,1.5,999,0.3686,999,1.12094,999,0.3,999,94.928
1000,1.5,1000,0.3686,1000,1.12094,1000,0.3,1000,94.928
1001,1.6,1001,0.341259,1001,1.12094,1001,0.3,1001,94.928
1002,1.73333,1002,0.341259,1002,1.12094,1002,0.3,1002,94.928
1003,1.8,1003,0.341259,1003,1.12094,1003,0.3,1003,94.928
1004,1.8,1004,0.341259,1004,1.12094,1004,0.3,1004,94.928
1005,1.8,1005,0.341259,1005,1.12094,1005,0.3,1005,94.928
1006,1.76667,1006,0.327588,1006,1.12094,1006,0.3,1006,95.3671
1007,1.8,1007,0.313918,1007,1.12094,1007,0.3,1007,95.3671
1008,1.83333,1008,0.313918,1008,1.12094,1008,0.3,1008,95.3671
1009,1.8,1009,0.300248,1009,1.12094,1009,0.3,1009,95.3671
1010,1.76667,1010,0.300248,1010,1.12094,1010,0.3,1010,95.3671
1011,1.66667,1011,0.286577,1011,1.12094,1011,0.3,1011,95.3671
1012,1.63333,1012,0.286577,1012,1.12094,1012,0.3,1012,95.3671
1013,1.56667,1013,0.286577,1013,1.12094,1013,0.3,1013,95.3671
1014,1.53333,1014,0.272907,1014,1.12094,1014,0.3,1014,95.3671
1015,1.4,1015,0.272907,1015,1.12094,1015,0.3,1015,94.928
1016,1.26667,1016,0.272907,1016,1.12094,1016,0.3,1016,94.928
1017,1.2,1017,0.272907,1017,1.12094,1017,0.3,1017,94.928
1018,1.1,1018,0.272907,1018,1.12094,1018,0.3,1018,95.3671
1019,1.06667,1019,0.272907,1019,1.12094,1019,0.3,1019,95.3671
1020,1.03333,1020,0.272907,1020,1.12094,1020,0.3,1020,95.3671
1021,1.06667,1021,0.272907,1021,1.12094,1021,0.3,1021,95.3671
1022,1.03333,1022,0.286577,1022,1.12094,1022,0.3,1022,94.928
1023,1,1023,0.286577,1023,1.12094,1023,0.3,1023,94.928
1024,0.966667,1024,0.286577,1024,1.12094,1024,0.3,1024,94.928
1025,0.933333,1025,0.286577,1025,1.12094,1025,0.3,1025,94.928
1026,0.933333,1026,0.286577,1026,1.12094,1026,0.3,1026,94.928
1027,0.966667,1027,0.286577,1027,1.12094,1027,0.3,1027,94.928
1028,1,1028,0.286577,1028,1.12094,1028,0.3,1028,94.928
1029,1.1,1029,0.286577,1029,1.12094,1029,0.3,1029,94.928
1030,1.16667,1030,0.286577,1030,1.12094,1030,0.3,1030,94.928
1031,1.3,1031,0.286577,1031,1.12094,1031,0.3,1031,94.928
1032,1.33333,1032,0.286577,1032,1.12094,1032,0.3,1032,94.928
1033,1.3,1033,0.286577,1033,1.12094,1033,0.3,1033,94.4892
1034,1.33333,1034,0.286577,1034,1.12094,1034,0.3,1034,94.928
1035,1.36667,1035,0.286577,1035,1.12094,1035,0.3,1035,94.928
1036,1.4,1036,0.286577,1036,1.12094,1036,0.3,1036,94.928
1037,1.4,1037,0.286577,1037,1.12094,1037,0.3,1037,94.928
1038,1.4,1038,0.286577,1038,1.12094,1038,0.3,1038,94.928
1039,1.4,1039,0.286577,1039,1.12094,1039,0.3,1039,94.928
1040,1.33333,1040,0.286577,1040,1.12094,1040,0.3,1040,94.928
1041,1.23333,1041,0.300248,1041,1.12094,1041,0.3,1041,94.928
1042,1.23333,1042,0.300248,1042,1.12094,1042,0.3,1042,94.928
