Time (s),Measured Diameter (mm),Target Diameter (mm)
0,0.22,0.2
0.05,0.22,0.2
0.1,0.22,0.2
0.15,0.22,0.2
0.2,0.22,0.2
0.25,0.22,0.2
0.3,0.22,0.2
0.35,0.22,0.2
0.4,0.22,0.2
0.45,0.22,0.2
0.5,0.22,0.2
0.55,0.22,0.2
0.6,0.22,0.2
0.65,0.22,0.2
0.7,0.22,0.2
0.75,0.22,0.2
0.8,0.22,0.2
0.85,0.22,0.2
0.9,0.22,0.2
0.95,0.22,0.2
1,0.22,0.2
1.05,0.22,0.2
1.1,0.22,0.2
1.15,0.22,0.2
1.2,0.22,0.2
1.25,0.22,0.2
1.3,0.22,0.2
1.35,0.22,0.2
1.4,0.23,0.2
1.45,0.22,0.2
1.5,0.22,0.2
1.55,0.22,0.2
1.6,0.22,0.2
1.65,0.22,0.2
1.7,0.22,0.2
1.75,0.22,0.2
1.8,0.22,0.2
1.85,0.22,0.2
1.9,0.22,0.2
1.95,0.22,0.2
2,0.22,0.2
2.05,0.22,0.2
2.1,0.22,0.2
2.15,0.23,0.2
2.2,0.23,0.2
2.25,0.23,0.2
2.3,0.23,0.2
2.35,0.23,0.2
2.4,0.27,0.2
2.45,0.27,0.2
2.5,0.27,0.2
2.55,0.27,0.2
2.6,0.27,0.2
2.65,0.27,0.2
2.7,0.23,0.2
2.75,0.23,0.2
2.8,0.23,0.2
2.85,0.23,0.2
2.9,0.23,0.2
2.95,0.22,0.2
3,0.22,0.2
3.05,0.22,0.2
3.1,0.22,0.2
3.15,0.22,0.2
3.2,0.22,0.2
3.25,0.22,0.2
3.3,0.22,0.2
3.35,0.22,0.2
3.4,0.22,0.2
3.45,0.22,0.2
3.5,0.22,0.2
3.55,0.22,0.2
3.6,0.22,0.2
3.65,0.22,0.2
3.7,0.22,0.2
3.75,0.22,0.2
3.8,0.22,0.2
3.85,0.22,0.2
3.9,0.22,0.2
3.95,0.22,0.2
4,0.22,0.2
4.05,0.22,0.2
4.1,0.22,0.2
4.15,0.22,0.2
4.2,0.22,0.2
4.25,0.22,0.2
4.3,0.22,0.2
4.35,0.22,0.2
4.4,0.22,0.2
4.45,0.23,0.2
4.5,0.23,0.2
4.55,0.23,0.2
4.6,0.23,0.2
4.65,0.23,0.2
4.7,0.23,0.2
4.75,0.23,0.2
4.8,0.23,0.2
4.85,0.27,0.2
4.9,0.29,0.2
4.95,0.29,0.2
5,0.29,0.2
5.05,0.29,0.2
5.1,0.29,0.2
5.15,0.29,0.2
5.2,0.23,0.2
5.25,0.23,0.2
5.3,0.23,0.2
5.35,0.23,0.2
5.4,0.22,0.2
5.45,0.22,0.2
5.5,0.23,0.2
5.55,0.23,0.2
5.6,0.23,0.2
5.65,0.23,0.2
5.7,0.22,0.2
5.75,0.23,0.2
5.8,0.23,0.2
5.85,0.23,0.2
5.9,0.23,0.2
5.95,0.23,0.2
6,0.23,0.2
6.05,0.23,0.2
6.1,0.23,0.2
6.15,0.23,0.2
6.2,0.25,0.2
6.25,0.25,0.2
6.3,0.25,0.2
6.35,0.25,0.2
6.4,0.25,0.2
6.45,0.25,0.2
6.5,0.23,0.2
6.55,0.22,0.2
6.6,0.22,0.2
6.65,0.22,0.2
6.7,0.22,0.2
6.75,0.22,0.2
6.8,0.22,0.2
6.85,0.22,0.2
6.9,0.22,0.2
6.95,0.22,0.2
7,0.22,0.2
7.05,0.22,0.2
7.1,0.22,0.2
7.15,0.22,0.2
7.2,0.23,0.2
7.25,0.22,0.2
7.3,0.22,0.2
7.35,0.22,0.2
7.4,0.23,0.2
7.45,0.23,0.2
7.5,0.23,0.2
7.55,0.23,0.2
7.6,0.23,0.2
7.65,0.23,0.2
7.7,0.25,0.2
7.75,0.25,0.2
7.8,0.25,0.2
7.85,0.25,0.2
7.9,0.25,0.2
7.95,0.25,0.2
8,0.25,0.2
8.05,0.25,0.2
8.1,0.23,0.2
8.15,0.23,0.2
8.2,0.23,0.2
8.25,0.23,0.2
8.3,0.23,0.2
8.35,0.23,0.2
8.4,0.23,0.2
8.45,0.23,0.2
8.5,0.23,0.2
8.55,0.23,0.2
8.6,0.23,0.2
8.65,0.23,0.2
8.7,0.23,0.2
8.75,0.23,0.2
8.8,0.23,0.2
8.85,0.23,0.2
8.9,0.23,0.2
8.95,0.23,0.2
9,0.23,0.2
9.05,0.23,0.2
9.1,0.23,0.2
9.15,0.23,0.2
9.2,0.23,0.2
9.25,0.22,0.2
9.3,0.22,0.2
9.35,0.22,0.2
9.4,0.22,0.2
9.45,0.22,0.2
9.5,0.22,0.2
9.55,0.22,0.2
9.6,0.22,0.2
9.65,0.22,0.2
9.7,0.22,0.2
9.75,0.22,0.2
9.8,0.22,0.2
9.85,0.22,0.2
9.9,0.22,0.2
9.95,0.22,0.2
10,0.22,0.2
10.05,0.22,0.2
10.1,0.22,0.2
10.15,0.22,0.2
10.2,0.22,0.2
10.25,0.22,0.2
10.3,0.22,0.2
10.35,0.22,0.2
10.4,0.22,0.2
10.45,0.22,0.2
10.5,0.22,0.2
10.55,0.22,0.2
10.6,0.22,0.2
10.65,0.22,0.2
10.7,0.22,0.2
10.75,0.22,0.2
10.8,0.22,0.2
10.85,0.22,0.2
10.9,0.22,0.2
10.95,0.22,0.2
11,0.22,0.2
11.05,0.22,0.2
11.1,0.22,0.2
11.15,0.22,0.2
11.2,0.22,0.2
11.25,0.22,0.2
11.3,0.22,0.2
11.35,0.22,0.2
11.4,0.22,0.2
11.45,0.22,0.2
11.5,0.22,0.2
11.55,0.22,0.2
11.6,0.22,0.2
11.65,0.22,0.2
11.7,0.22,0.2
11.75,0.22,0.2
11.8,0.22,0.2
11.85,0.22,0.2
11.9,0.22,0.2
11.95,0.23,0.2
12,0.22,0.2
12.05,0.22,0.2
12.1,0.23,0.2
12.15,0.23,0.2
12.2,0.22,0.2
12.25,0.22,0.2
12.3,0.22,0.2
12.35,0.22,0.2
12.4,0.22,0.2
12.45,0.22,0.2
12.5,0.22,0.2
12.55,0.22,0.2
12.6,0.22,0.2
12.65,0.22,0.2
12.7,0.22,0.2
12.75,0.22,0.2
12.8,0.22,0.2
12.85,0.22,0.2
12.9,0.22,0.2
12.95,0.22,0.2
13,0.22,0.2
13.05,0.22,0.2
13.1,0.22,0.2
13.15,0.22,0.2
13.2,0.22,0.2
13.25,0.22,0.2
13.3,0.22,0.2
13.35,0.22,0.2
13.4,0.22,0.2
13.45,0.22,0.2
13.5,0.22,0.2
13.55,0.22,0.2
13.6,0.22,0.2
13.65,0.22,0.2
13.7,0.22,0.2
13.75,0.22,0.2
13.8,0.22,0.2
13.85,0.22,0.2
13.9,0.22,0.2
13.95,0.22,0.2
14,0.22,0.2
14.05,0.22,0.2
14.1,0.22,0.2
14.15,0.22,0.2
14.2,0.22,0.2
14.25,0.22,0.2
14.3,0.22,0.2
14.35,0.22,0.2
14.4,0.22,0.2
14.45,0.22,0.2
14.5,0.22,0.2
14.55,0.22,0.2
14.6,0.22,0.2
14.65,0.22,0.2
14.7,0.22,0.2
14.75,0.22,0.2
14.8,0.22,0.2
14.85,0.22,0.2
14.9,0.22,0.2
14.95,0.22,0.2
15,0.22,0.2
15.05,0.22,0.2
15.1,0.22,0.2
15.15,0.22,0.2
15.2,0.22,0.2
15.25,0.22,0.2
15.3,0.22,0.2
15.35,0.22,0.2
15.4,0.22,0.2
15.45,0.22,0.2
15.5,0.22,0.2
15.55,0.22,0.2
15.6,0.22,0.2
15.65,0.22,0.2
15.7,0.22,0.2
15.75,0.22,0.2
15.8,0.22,0.2
15.85,0.22,0.2
15.9,0.22,0.2
15.95,0.25,0.2
16,0.3,0.2
16.05,0.3,0.2
16.1,0.3,0.2
16.15,0.3,0.2
16.2,0.3,0.2
16.25,0.3,0.2
16.3,0.29,0.2
16.35,0.23,0.2
16.4,0.22,0.2
16.45,0.22,0.2
16.5,0.22,0.2
16.55,0.22,0.2
16.6,0.22,0.2
16.65,0.22,0.2
16.7,0.22,0.2
16.75,0.22,0.2
16.8,0.22,0.2
16.85,0.22,0.2
16.9,0.22,0.2
16.95,0.22,0.2
17,0.22,0.2
17.05,0.22,0.2
17.1,0.22,0.2
17.15,0.22,0.2
17.2,0.22,0.2
17.25,0.22,0.2
17.3,0.22,0.2
17.35,0.22,0.2
17.4,0.22,0.2
17.45,0.22,0.2
17.5,0.22,0.2
17.55,0.22,0.2
17.6,0.22,0.2
17.65,0.22,0.2
17.7,0.22,0.2
17.75,0.22,0.2
17.8,0.22,0.2
17.85,0.22,0.2
17.9,0.22,0.2
17.95,0.22,0.2
18,0.22,0.2
18.05,0.22,0.2
18.1,0.22,0.2
18.15,0.22,0.2
18.2,0.22,0.2
18.25,0.22,0.2
18.3,0.22,0.2
18.35,0.22,0.2
18.4,0.22,0.2
18.45,0.22,0.2
18.5,0.22,0.2
18.55,0.22,0.2
18.6,0.22,0.2
18.65,0.22,0.2
18.7,0.22,0.2
18.75,0.22,0.2
18.8,0.22,0.2
18.85,0.22,0.2
18.9,0.22,0.2
18.95,0.22,0.2
19,0.22,0.2
19.05,0.22,0.2
19.1,0.22,0.2
19.15,0.22,0.2
19.2,0.22,0.2
19.25,0.22,0.2
19.3,0.22,0.2
19.35,0.22,0.2
19.4,0.22,0.2
19.45,0.22,0.2
19.5,0.22,0.2
19.55,0.22,0.2
19.6,0.22,0.2
19.65,0.22,0.2
19.7,0.22,0.2
19.75,0.22,0.2
19.8,0.22,0.2
19.85,0.22,0.2
19.9,0.22,0.2
19.95,0.22,0.2
20,0.23,0.2
20.05,0.23,0.2
20.1,0.23,0.2
20.15,0.27,0.2
20.2,0.27,0.2
20.25,0.27,0.2
20.3,0.27,0.2
20.35,0.27,0.2
20.4,0.27,0.2
20.45,0.27,0.2
20.5,0.23,0.2
20.55,0.23,0.2
20.6,0.22,0.2
20.65,0.22,0.2
20.7,0.22,0.2
20.75,0.22,0.2
20.8,0.22,0.2
20.85,0.22,0.2
20.9,0.22,0.2
20.95,0.22,0.2
21,0.22,0.2
21.05,0.23,0.2
21.1,0.23,0.2
21.15,0.23,0.2
21.2,0.23,0.2
21.25,0.23,0.2
21.3,0.23,0.2
21.35,0.23,0.2
21.4,0.23,0.2
21.45,0.23,0.2
21.5,0.23,0.2
21.55,0.23,0.2
21.6,0.23,0.2
21.65,0.23,0.2
21.7,0.23,0.2
21.75,0.23,0.2
21.8,0.23,0.2
21.85,0.23,0.2
21.9,0.23,0.2
21.95,0.23,0.2
22,0.23,0.2
22.05,0.22,0.2
22.1,0.22,0.2
22.15,0.22,0.2
22.2,0.22,0.2
22.25,0.23,0.2
22.3,0.23,0.2
22.35,0.22,0.2
22.4,0.22,0.2
22.45,0.22,0.2
22.5,0.22,0.2
22.55,0.22,0.2
22.6,0.22,0.2
22.65,0.22,0.2
22.7,0.22,0.2
22.75,0.22,0.2
22.8,0.22,0.2
22.85,0.23,0.2
22.9,0.25,0.2
22.95,0.26,0.2
23,0.26,0.2
23.05,0.26,0.2
23.1,0.26,0.2
23.15,0.26,0.2
23.2,0.26,0.2
23.25,0.25,0.2
23.3,0.25,0.2
23.35,0.23,0.2
23.4,0.23,0.2
23.45,0.22,0.2
23.5,0.22,0.2
23.55,0.22,0.2
23.6,0.22,0.2
23.65,0.22,0.2
23.7,0.22,0.2
23.75,0.22,0.2
23.8,0.22,0.2
23.85,0.22,0.2
23.9,0.22,0.2
23.95,0.22,0.2
24,0.22,0.2
24.05,0.22,0.2
24.1,0.23,0.2
24.15,0.23,0.2
24.2,0.23,0.2
24.25,0.23,0.2
24.3,0.23,0.2
24.35,0.23,0.2
24.4,0.23,0.2
24.45,0.22,0.2
24.5,0.22,0.2
24.55,0.22,0.2
24.6,0.22,0.2
24.65,0.22,0.2
24.7,0.22,0.2
24.75,0.22,0.2
24.8,0.22,0.2
24.85,0.22,0.2
24.9,0.23,0.2
24.95,0.23,0.2
25,0.23,0.2
25.05,0.23,0.2
25.1,0.23,0.2
25.15,0.23,0.2
25.2,0.23,0.2
25.25,0.23,0.2
25.3,0.23,0.2
25.35,0.23,0.2
25.4,0.23,0.2
25.45,0.23,0.2
25.5,0.23,0.2
25.55,0.23,0.2
25.6,0.23,0.2
25.65,0.23,0.2
25.7,0.23,0.2
25.75,0.22,0.2
25.8,0.22,0.2
25.85,0.22,0.2
25.9,0.22,0.2
25.95,0.22,0.2
26,0.22,0.2
26.05,0.22,0.2
26.1,0.22,0.2
26.15,0.22,0.2
26.2,0.22,0.2
26.25,0.22,0.2
26.3,0.22,0.2
26.35,0.22,0.2
26.4,0.22,0.2
26.45,0.22,0.2
26.5,0.22,0.2
26.55,0.22,0.2
26.6,0.22,0.2
26.65,0.22,0.2
26.7,0.22,0.2
26.75,0.22,0.2
26.8,0.22,0.2
26.85,0.22,0.2
26.9,0.22,0.2
26.95,0.23,0.2
27,0.23,0.2
27.05,0.22,0.2
27.1,0.22,0.2
27.15,0.22,0.2
27.2,0.22,0.2
27.25,0.22,0.2
27.3,0.22,0.2
27.35,0.22,0.2
27.4,0.22,0.2
27.45,0.22,0.2
27.5,0.22,0.2
27.55,0.22,0.2
27.6,0.22,0.5
27.65,0.22,0.5
27.7,0.22,0.5
27.75,0.22,0.5
27.8,0.22,0.5
27.85,0.22,0.5
27.9,0.22,0.5
27.95,0.22,0.5
28,0.22,0.5
28.05,0.22,0.5
28.1,0.22,0.5
28.15,0.22,0.5
28.2,0.22,0.5
28.25,0.22,0.5
28.3,0.22,0.5
28.35,0.22,0.5
28.4,0.22,0.5
28.45,0.22,0.5
28.5,0.22,0.5
28.55,0.22,0.5
28.6,0.22,0.5
28.65,0.22,0.5
28.7,0.22,0.5
28.75,0.22,0.5
28.8,0.22,0.5
28.85,0.22,0.5
28.9,0.22,0.5
28.95,0.22,0.5
29,0.22,0.5
29.05,0.22,0.5
29.1,0.22,0.5
29.15,0.22,0.5
29.2,0.22,0.5
29.25,0.22,0.5
29.3,0.22,0.5
29.35,0.22,0.5
29.4,0.22,0.5
29.45,0.22,0.5
29.5,0.22,0.5
29.55,0.22,0.5
29.6,0.22,0.5
29.65,0.22,0.5
29.7,0.22,0.5
29.75,0.22,0.5
29.8,0.22,0.5
29.85,0.22,0.5
29.9,0.22,0.5
29.95,0.22,0.5
30,0.22,0.5
30.05,0.22,0.5
30.1,0.22,0.5
30.15,0.22,0.5
30.2,0.22,0.5
30.25,0.22,0.5
30.3,0.22,0.5
30.35,0.22,0.5
30.4,0.22,0.5
30.45,0.22,0.5
30.5,0.22,0.5
30.55,0.22,0.5
30.6,0.22,0.5
30.65,0.22,0.5
30.7,0.22,0.5
30.75,0.22,0.5
30.8,0.22,0.5
30.85,0.22,0.5
30.9,0.22,0.5
30.95,0.22,0.5
31,0.22,0.5
31.05,0.22,0.5
31.1,0.22,0.5
31.15,0.22,0.5
31.2,0.22,0.5
31.25,0.22,0.5
31.3,0.22,0.5
31.35,0.22,0.5
31.4,0.22,0.5
31.45,0.22,0.5
31.5,0.22,0.5
31.55,0.22,0.5
31.6,0.22,0.5
31.65,0.22,0.5
31.7,0.22,0.5
31.75,0.22,0.5
31.8,0.22,0.5
31.85,0.22,0.5
31.9,0.22,0.5
31.95,0.22,0.5
32,0.22,0.5
32.05,0.22,0.5
32.1,0.22,0.5
32.15,0.22,0.5
32.2,0.22,0.5
32.25,0.22,0.5
32.3,0.22,0.5
32.35,0.22,0.5
32.4,0.22,0.5
32.45,0.22,0.5
32.5,0.22,0.5
32.55,0.22,0.5
32.6,0.22,0.5
32.65,0.23,0.5
32.7,0.25,0.5
32.75,0.25,0.5
32.8,0.27,0.5
32.85,0.29,0.5
32.9,0.29,0.5
32.95,0.3,0.5
33,0.32,0.5
33.05,0.33,0.5
33.1,0.33,0.5
33.15,0.33,0.5
33.2,0.34,0.5
33.25,0.34,0.5
33.3,0.34,0.5
33.35,0.34,0.5
33.4,0.34,0.5
33.45,0.36,0.5
33.5,0.36,0.5
33.55,0.36,0.5
33.6,0.37,0.5
33.65,0.4,0.5
33.7,0.43,0.5
33.75,0.45,0.5
33.8,0.47,0.5
33.85,0.48,0.5
33.9,0.48,0.5
33.95,0.49,0.5
34,0.49,0.5
34.05,0.49,0.5
34.1,0.49,0.5
34.15,0.51,0.5
34.2,0.51,0.5
34.25,0.51,0.5
34.3,0.51,0.5
34.35,0.51,0.5
34.4,0.52,0.5
34.45,0.52,0.5
34.5,0.54,0.5
34.55,0.58,0.5
34.6,0.58,0.5
34.65,0.63,0.5
34.7,0.7,0.5
34.75,0.81,0.5
34.8,0.89,0.5
34.85,0.89,0.5
34.9,0.91,0.5
34.95,0.93,0.5
35,0.93,0.5
35.05,0.93,0.5
35.1,0.93,0.5
35.15,0.93,0.5
35.2,0.93,0.5
35.25,0.86,0.5
35.3,0.85,0.5
35.35,0.85,0.5
35.4,0.85,0.5
35.45,0.84,0.5
35.5,0.84,0.5
35.55,0.84,0.5
35.6,0.84,0.5
35.65,0.84,0.5
35.7,0.82,0.5
35.75,0.75,0.5
35.8,0.7,0.5
35.85,0.7,0.5
35.9,0.7,0.5
35.95,0.7,0.5
36,0.7,0.5
36.05,0.7,0.5
36.1,0.7,0.5
36.15,0.7,0.5
36.2,0.7,0.5
36.25,0.7,0.5
36.3,0.7,0.5
36.35,0.7,0.5
36.4,0.69,0.5
36.45,0.69,0.5
36.5,0.67,0.5
36.55,0.67,0.5
36.6,0.64,0.5
36.65,0.64,0.5
36.7,0.62,0.5
36.75,0.62,0.5
36.8,0.6,0.5
36.85,0.58,0.5
36.9,0.56,0.5
36.95,0.54,0.5
37,0.51,0.5
37.05,0.47,0.5
37.1,0.45,0.5
37.15,0.45,0.5
37.2,0.45,0.5
37.25,0.45,0.5
37.3,0.45,0.5
37.35,0.45,0.5
37.4,0.45,0.5
37.45,0.45,0.5
37.5,0.45,0.5
37.55,0.45,0.5
37.6,0.45,0.5
37.65,0.45,0.5
37.7,0.45,0.5
37.75,0.45,0.5
37.8,0.45,0.5
37.85,0.45,0.5
37.9,0.45,0.5
37.95,0.44,0.5
38,0.44,0.5
38.05,0.44,0.5
38.1,0.44,0.5
38.15,0.43,0.5
38.2,0.43,0.5
38.25,0.43,0.5
38.3,0.43,0.5
38.35,0.4,0.5
38.4,0.4,0.5
38.45,0.4,0.5
38.5,0.37,0.5
38.55,0.37,0.5
38.6,0.37,0.5
38.65,0.37,0.5
38.7,0.37,0.5
38.75,0.36,0.5
38.8,0.36,0.5
38.85,0.36,0.5
38.9,0.36,0.5
38.95,0.36,0.5
39,0.36,0.5
39.05,0.36,0.5
39.1,0.36,0.5
39.15,0.37,0.5
39.2,0.37,0.5
39.25,0.37,0.5
39.3,0.37,0.5
39.35,0.37,0.5
39.4,0.38,0.5
39.45,0.41,0.5
39.5,0.43,0.5
39.55,0.43,0.5
39.6,0.43,0.5
39.65,0.43,0.5
39.7,0.44,0.5
39.75,0.44,0.5
39.8,0.45,0.5
39.85,0.45,0.5
39.9,0.47,0.5
39.95,0.49,0.5
40,0.51,0.5
40.05,0.51,0.5
40.1,0.54,0.5
40.15,0.56,0.5
40.2,0.56,0.5
40.25,0.56,0.5
40.3,0.56,0.5
40.35,0.56,0.5
40.4,0.56,0.5
40.45,0.56,0.5
40.5,0.56,0.5
40.55,0.56,0.5
40.6,0.54,0.5
40.65,0.52,0.5
40.7,0.52,0.5
40.75,0.52,0.5
40.8,0.52,0.5
40.85,0.52,0.5
40.9,0.52,0.5
40.95,0.52,0.5
41,0.52,0.5
41.05,0.52,0.5
41.1,0.56,0.5
41.15,0.56,0.5
41.2,0.58,0.5
41.25,0.6,0.5
41.3,0.6,0.5
41.35,0.62,0.5
41.4,0.63,0.5
41.45,0.63,0.5
41.5,0.63,0.5
41.55,0.63,0.5
41.6,0.63,0.5
41.65,0.63,0.5
41.7,0.62,0.5
41.75,0.62,0.5
41.8,0.6,0.5
41.85,0.6,0.5
41.9,0.6,0.5
41.95,0.6,0.5
42,0.6,0.5
42.05,0.6,0.5
42.1,0.59,0.5
42.15,0.59,0.5
42.2,0.59,0.5
42.25,0.59,0.5
42.3,0.59,0.5
42.35,0.59,0.5
42.4,0.59,0.5
42.45,0.58,0.5
42.5,0.58,0.5
42.55,0.55,0.5
42.6,0.54,0.5
42.65,0.54,0.5
42.7,0.52,0.5
42.75,0.49,0.5
42.8,0.49,0.5
42.85,0.48,0.5
42.9,0.48,0.5
42.95,0.48,0.5
43,0.48,0.5
43.05,0.48,0.5
43.1,0.48,0.5
43.15,0.51,0.5
43.2,0.52,0.5
43.25,0.54,0.5
43.3,0.54,0.5
43.35,0.56,0.5
43.4,0.56,0.5
43.45,0.56,0.5
43.5,0.56,0.5
43.55,0.56,0.5
43.6,0.56,0.5
43.65,0.56,0.5
43.7,0.56,0.5
43.75,0.56,0.5
43.8,0.56,0.5
43.85,0.55,0.5
43.9,0.52,0.5
43.95,0.52,0.5
44,0.51,0.5
44.05,0.49,0.5
44.1,0.48,0.5
44.15,0.48,0.5
44.2,0.45,0.5
44.25,0.45,0.5
44.3,0.45,0.5
44.35,0.45,0.5
44.4,0.45,0.5
44.45,0.45,0.5
44.5,0.44,0.5
44.55,0.44,0.5
44.6,0.44,0.5
44.65,0.44,0.5
44.7,0.44,0.5
44.75,0.45,0.5
44.8,0.45,0.5
44.85,0.45,0.5
44.9,0.47,0.5
44.95,0.47,0.5
45,0.49,0.5
45.05,0.49,0.5
45.1,0.51,0.5
45.15,0.52,0.5
45.2,0.54,0.5
45.25,0.55,0.5
45.3,0.59,0.5
45.35,0.6,0.5
45.4,0.6,0.5
45.45,0.6,0.5
45.5,0.6,0.5
45.55,0.6,0.5
45.6,0.62,0.5
45.65,0.63,0.5
45.7,0.63,0.5
45.75,0.63,0.5
45.8,0.63,0.5
45.85,0.63,0.5
45.9,0.63,0.5
45.95,0.6,0.5
46,0.58,0.5
46.05,0.54,0.5
46.1,0.54,0.5
46.15,0.52,0.5
46.2,0.52,0.5
46.25,0.52,0.5
46.3,0.52,0.5
46.35,0.52,0.5
46.4,0.52,0.5
46.45,0.52,0.5
46.5,0.54,0.5
46.55,0.55,0.5
46.6,0.55,0.5
46.65,0.55,0.5
46.7,0.55,0.5
46.75,0.55,0.5
46.8,0.55,0.5
46.85,0.55,0.5
46.9,0.52,0.5
46.95,0.51,0.5
47,0.51,0.5
47.05,0.51,0.5
47.1,0.51,0.5
47.15,0.51,0.5
47.2,0.49,0.5
47.25,0.49,0.5
47.3,0.49,0.5
47.35,0.49,0.5
47.4,0.49,0.5
47.45,0.49,0.5
47.5,0.49,0.5
47.55,0.49,0.5
47.6,0.51,0.5
47.65,0.54,0.5
47.7,0.56,0.5
47.75,0.56,0.5
47.8,0.58,0.5
47.85,0.58,0.5
47.9,0.59,0.5
47.95,0.59,0.5
48,0.59,0.5
48.05,0.59,0.5
48.1,0.59,0.5
48.15,0.59,0.5
48.2,0.59,0.5
48.25,0.58,0.5
48.3,0.54,0.5
48.35,0.49,0.5
48.4,0.45,0.5
48.45,0.44,0.5
48.5,0.44,0.5
48.55,0.43,0.5
48.6,0.43,0.5
48.65,0.4,0.5
48.7,0.37,0.5
48.75,0.37,0.5
48.8,0.36,0.5
48.85,0.36,0.5
48.9,0.36,0.5
48.95,0.36,0.5
49,0.36,0.5
49.05,0.36,0.5
49.1,0.36,0.5
49.15,0.36,0.5
49.2,0.37,0.5
49.25,0.37,0.5
49.3,0.4,0.5
49.35,0.4,0.5
49.4,0.43,0.5
49.45,0.43,0.5
49.5,0.43,0.5
49.55,0.44,0.5
49.6,0.45,0.5
49.65,0.47,0.5
49.7,0.47,0.5
49.75,0.49,0.5
49.8,0.52,0.5
49.85,0.54,0.5
49.9,0.56,0.5
49.95,0.59,0.5
50,0.6,0.5
50.05,0.62,0.5
50.1,0.62,0.5
50.15,0.62,0.5
50.2,0.62,0.5
50.25,0.62,0.5
50.3,0.62,0.5
50.35,0.62,0.5
50.4,0.56,0.5
50.45,0.54,0.5
50.5,0.51,0.5
50.55,0.48,0.5
50.6,0.45,0.5
50.65,0.45,0.5
50.7,0.44,0.5
50.75,0.44,0.5
50.8,0.43,0.5
50.85,0.43,0.5
50.9,0.41,0.5
50.95,0.41,0.5
51,0.41,0.5
51.05,0.41,0.5
51.1,0.41,0.5
51.15,0.41,0.5
51.2,0.43,0.5
51.25,0.43,0.5
51.3,0.44,0.5
51.35,0.44,0.5
51.4,0.44,0.5
51.45,0.44,0.5
51.5,0.44,0.5
51.55,0.45,0.5
51.6,0.45,0.5
51.65,0.47,0.5
51.7,0.48,0.5
51.75,0.49,0.5
51.8,0.51,0.5
51.85,0.51,0.5
51.9,0.51,0.5
51.95,0.51,0.5
52,0.52,0.5
52.05,0.52,0.5
52.1,0.54,0.5
52.15,0.54,0.5
52.2,0.56,0.5
52.25,0.56,0.5
52.3,0.56,0.5
52.35,0.56,0.5
52.4,0.58,0.5
52.45,0.58,0.5
52.5,0.58,0.5
52.55,0.58,0.5
52.6,0.58,0.5
52.65,0.58,0.5
52.7,0.58,0.5
52.75,0.56,0.5
52.8,0.54,0.5
52.85,0.52,0.5
52.9,0.52,0.5
52.95,0.48,0.5
53,0.48,0.5
53.05,0.45,0.5
53.1,0.44,0.5
53.15,0.44,0.5
53.2,0.44,0.5
53.25,0.44,0.5
53.3,0.44,0.5
53.35,0.44,0.5
53.4,0.43,0.5
53.45,0.43,0.5
53.5,0.43,0.5
53.55,0.43,0.5
53.6,0.43,0.5
53.65,0.43,0.5
53.7,0.43,0.5
53.75,0.44,0.5
53.8,0.44,0.5
53.85,0.44,0.5
53.9,0.44,0.5
53.95,0.45,0.5
54,0.45,0.5
54.05,0.47,0.5
54.1,0.48,0.5
54.15,0.49,0.5
54.2,0.49,0.5
54.25,0.49,0.5
54.3,0.49,0.5
54.35,0.49,0.5
54.4,0.49,0.5
54.45,0.49,0.5
54.5,0.49,0.5
54.55,0.49,0.5
54.6,0.49,0.5
54.65,0.49,0.5
54.7,0.49,0.5
54.75,0.48,0.5
54.8,0.47,0.5
54.85,0.47,0.5
54.9,0.45,0.5
54.95,0.45,0.5
55,0.45,0.5
55.05,0.45,0.5
55.1,0.44,0.5
55.15,0.44,0.5
55.2,0.44,0.5
55.25,0.44,0.5
55.3,0.44,0.5
55.35,0.44,0.5
55.4,0.44,0.5
55.45,0.44,0.5
55.5,0.44,0.5
55.55,0.44,0.5
55.6,0.44,0.5
55.65,0.43,0.5
55.7,0.43,0.5
55.75,0.43,0.5
55.8,0.41,0.5
55.85,0.4,0.5
55.9,0.4,0.5
55.95,0.38,0.5
56,0.38,0.5
56.05,0.38,0.5
56.1,0.38,0.5
56.15,0.38,0.5
56.2,0.38,0.5
56.25,0.38,0.5
56.3,0.38,0.5
56.35,0.38,0.5
56.4,0.4,0.5
56.45,0.4,0.5
56.5,0.41,0.5
56.55,0.41,0.5
56.6,0.43,0.5
56.65,0.44,0.5
56.7,0.44,0.5
56.75,0.45,0.5
56.8,0.45,0.5
56.85,0.45,0.5
56.9,0.45,0.5
56.95,0.45,0.5
57,0.45,0.5
57.05,0.45,0.5
57.1,0.45,0.5
57.15,0.45,0.5
57.2,0.45,0.5
57.25,0.44,0.5
57.3,0.44,0.5
57.35,0.44,0.5
57.4,0.44,0.5
57.45,0.44,0.5
57.5,0.44,0.5
57.55,0.44,0.5
57.6,0.44,0.5
57.65,0.44,0.5
57.7,0.44,0.5
57.75,0.44,0.5
57.8,0.44,0.5
57.85,0.44,0.5
57.9,0.44,0.5
57.95,0.44,0.5
58,0.44,0.5
58.05,0.44,0.5
58.1,0.44,0.5
58.15,0.45,0.5
58.2,0.45,0.5
58.25,0.47,0.5
58.3,0.48,0.5
58.35,0.49,0.5
58.4,0.51,0.5
58.45,0.51,0.5
58.5,0.51,0.5
58.55,0.51,0.5
58.6,0.51,0.5
58.65,0.51,0.5
58.7,0.51,0.5
58.75,0.52,0.5
58.8,0.52,0.5
58.85,0.52,0.5
58.9,0.54,0.5
58.95,0.56,0.5
59,0.58,0.5
59.05,0.58,0.5
59.1,0.58,0.5
59.15,0.58,0.5
59.2,0.58,0.5
59.25,0.58,0.5
59.3,0.58,0.5
59.35,0.52,0.5
59.4,0.51,0.5
59.45,0.51,0.5
59.5,0.51,0.5
59.55,0.51,0.5
59.6,0.51,0.5
59.65,0.51,0.5
59.7,0.51,0.5
59.75,0.51,0.5
59.8,0.51,0.5
59.85,0.51,0.5
59.9,0.51,0.5
59.95,0.51,0.5
60,0.51,0.5
60.05,0.51,0.5
60.1,0.52,0.5
60.15,0.52,0.5
60.2,0.52,0.5
60.25,0.55,0.5
60.3,0.55,0.5
60.35,0.55,0.5
60.4,0.55,0.5
60.45,0.56,0.5
60.5,0.56,0.5
60.55,0.56,0.5
60.6,0.56,0.5
60.65,0.56,0.5
60.7,0.56,0.5
60.75,0.56,0.5
60.8,0.56,0.5
60.85,0.56,0.5
60.9,0.56,0.5
60.95,0.55,0.5
61,0.55,0.5
61.05,0.54,0.5
61.1,0.54,0.5
61.15,0.52,0.5
61.2,0.52,0.5
61.25,0.51,0.5
61.3,0.51,0.5
61.35,0.51,0.5
61.4,0.51,0.5
61.45,0.49,0.5
61.5,0.49,0.5
61.55,0.48,0.5
61.6,0.48,0.5
61.65,0.48,0.5
61.7,0.48,0.5
61.75,0.48,0.5
61.8,0.48,0.5
61.85,0.48,0.5
61.9,0.48,0.5
61.95,0.49,0.5
62,0.49,0.5
62.05,0.49,0.5
62.1,0.49,0.5
62.15,0.49,0.5
62.2,0.49,0.5
62.25,0.49,0.5
62.3,0.49,0.5
62.35,0.49,0.5
62.4,0.49,0.5
62.45,0.48,0.5
62.5,0.48,0.5
62.55,0.48,0.5
62.6,0.48,0.5
62.65,0.48,0.5
62.7,0.48,0.5
62.75,0.48,0.5
62.8,0.48,0.5
62.85,0.48,0.5
62.9,0.48,0.5
62.95,0.48,0.5
63,0.48,0.5
63.05,0.48,0.5
63.1,0.48,0.5
63.15,0.48,0.5
63.2,0.47,0.5
63.25,0.47,0.5
63.3,0.45,0.5
63.35,0.45,0.5
63.4,0.45,0.5
63.45,0.45,0.5
63.5,0.45,0.5
63.55,0.45,0.5
63.6,0.44,0.5
63.65,0.44,0.5
63.7,0.44,0.5
63.75,0.44,0.5
63.8,0.44,0.5
63.85,0.44,0.5
63.9,0.44,0.5
63.95,0.44,0.5
64,0.44,0.5
64.05,0.45,0.5
64.1,0.45,0.5
64.15,0.45,0.5
64.2,0.45,0.5
64.25,0.45,0.5
64.3,0.45,0.5
64.35,0.45,0.5
64.4,0.45,0.5
64.45,0.45,0.5
64.5,0.47,0.5
64.55,0.47,0.5
64.6,0.48,0.5
64.65,0.49,0.5
64.7,0.49,0.5
64.75,0.51,0.5
64.8,0.51,0.5
64.85,0.51,0.5
64.9,0.51,0.5
64.95,0.52,0.5
65,0.52,0.5
65.05,0.52,0.5
65.1,0.52,0.5
65.15,0.52,0.5
65.2,0.52,0.5
65.25,0.52,0.5
65.3,0.52,0.5
65.35,0.52,0.5
65.4,0.51,0.5
65.45,0.51,0.5
65.5,0.48,0.5
65.55,0.48,0.5
65.6,0.47,0.5
65.65,0.47,0.5
65.7,0.45,0.5
65.75,0.45,0.5
65.8,0.45,0.5
65.85,0.45,0.5
65.9,0.45,0.5
65.95,0.45,0.5
66,0.45,0.5
66.05,0.47,0.5
66.1,0.49,0.5
66.15,0.51,0.5
66.2,0.52,0.5
66.25,0.52,0.5
66.3,0.52,0.5
66.35,0.52,0.5
66.4,0.54,0.5
66.45,0.54,0.5
66.5,0.54,0.5
66.55,0.55,0.5
66.6,0.55,0.5
66.65,0.56,0.5
66.7,0.56,0.5
66.75,0.58,0.5
66.8,0.58,0.5
66.85,0.6,0.5
66.9,0.62,0.5
66.95,0.62,0.5
67,0.62,0.5
67.05,0.62,0.5
67.1,0.62,0.5
67.15,0.62,0.5
67.2,0.62,0.5
67.25,0.59,0.5
67.3,0.59,0.5
67.35,0.58,0.5
67.4,0.58,0.5
67.45,0.56,0.5
67.5,0.55,0.5
67.55,0.54,0.5
67.6,0.52,0.5
67.65,0.52,0.5
67.7,0.52,0.5
67.75,0.52,0.5
67.8,0.52,0.5
67.85,0.54,0.5
67.9,0.54,0.5
67.95,0.54,0.5
68,0.54,0.5
68.05,0.54,0.5
68.1,0.54,0.5
68.15,0.54,0.5
68.2,0.52,0.5
68.25,0.52,0.5
68.3,0.52,0.5
68.35,0.52,0.5
68.4,0.52,0.5
68.45,0.52,0.5
68.5,0.52,0.5
68.55,0.52,0.5
68.6,0.52,0.5
68.65,0.52,0.5
68.7,0.52,0.5
68.75,0.52,0.5
68.8,0.52,0.5
68.85,0.52,0.5
68.9,0.52,0.5
68.95,0.52,0.5
69,0.52,0.5
69.05,0.52,0.5
69.1,0.52,0.5
69.15,0.52,0.5
69.2,0.52,0.5
69.25,0.52,0.5
69.3,0.52,0.5
69.35,0.52,0.5
69.4,0.52,0.5
69.45,0.52,0.5
69.5,0.52,0.5
69.55,0.52,0.5
69.6,0.52,0.5
69.65,0.51,0.5
69.7,0.48,0.5
69.75,0.47,0.5
69.8,0.44,0.5
69.85,0.44,0.5
69.9,0.44,0.5
69.95,0.44,0.5
70,0.44,0.5
70.05,0.44,0.5
70.1,0.44,0.5
70.15,0.44,0.5
70.2,0.44,0.5
70.25,0.44,0.5
70.3,0.44,0.5
70.35,0.44,0.5
70.4,0.44,0.5
70.45,0.44,0.5
70.5,0.44,0.5
70.55,0.44,0.5
70.6,0.44,0.5
70.65,0.44,0.5
70.7,0.44,0.5
70.75,0.44,0.5
70.8,0.44,0.5
70.85,0.43,0.5
70.9,0.43,0.5
70.95,0.41,0.5
71,0.41,0.5
71.05,0.41,0.5
71.1,0.41,0.5
71.15,0.41,0.5
71.2,0.41,0.5
71.25,0.41,0.5
71.3,0.41,0.5
71.35,0.43,0.5
71.4,0.43,0.5
71.45,0.43,0.5
71.5,0.43,0.5
71.55,0.43,0.5
71.6,0.44,0.5
71.65,0.44,0.5
71.7,0.44,0.5
71.75,0.44,0.5
71.8,0.44,0.5
71.85,0.45,0.5
71.9,0.45,0.5
71.95,0.45,0.5
72,0.45,0.5
72.05,0.45,0.5
72.1,0.45,0.5
72.15,0.44,0.5
72.2,0.43,0.5
72.25,0.41,0.5
72.3,0.41,0.5
72.35,0.41,0.5
72.4,0.41,0.5
72.45,0.41,0.5
72.5,0.41,0.5
72.55,0.41,0.5
72.6,0.41,0.5
72.65,0.44,0.5
72.7,0.44,0.5
72.75,0.44,0.5
72.8,0.44,0.5
72.85,0.44,0.5
72.9,0.44,0.5
72.95,0.45,0.5
73,0.45,0.5
73.05,0.45,0.5
73.1,0.45,0.5
73.15,0.45,0.5
73.2,0.45,0.5
73.25,0.45,0.5
73.3,0.45,0.5
73.35,0.47,0.5
73.4,0.47,0.5
73.45,0.47,0.5
73.5,0.47,0.5
73.55,0.47,0.5
73.6,0.47,0.5
73.65,0.47,0.5
73.7,0.47,0.5
73.75,0.47,0.5
73.8,0.47,0.5
73.85,0.47,0.5
73.9,0.47,0.5
73.95,0.45,0.5
74,0.45,0.5
74.05,0.45,0.5
74.1,0.47,0.5
74.15,0.47,0.5
74.2,0.47,0.5
74.25,0.45,0.5
74.3,0.47,0.5
74.35,0.47,0.5
74.4,0.47,0.5
74.45,0.47,0.5
74.5,0.47,0.5
74.55,0.49,0.5
74.6,0.51,0.5
74.65,0.51,0.5
74.7,0.51,0.5
74.75,0.54,0.5
74.8,0.54,0.5
74.85,0.55,0.5
74.9,0.56,0.5
74.95,0.56,0.5
75,0.56,0.5
75.05,0.56,0.5
75.1,0.56,0.5
75.15,0.56,0.5
75.2,0.55,0.5
75.25,0.55,0.5
75.3,0.55,0.5
75.35,0.55,0.5
75.4,0.55,0.5
75.45,0.54,0.5
75.5,0.54,0.5
75.55,0.54,0.5
75.6,0.54,0.5
75.65,0.54,0.5
75.7,0.52,0.5
75.75,0.52,0.5
75.8,0.52,0.5
75.85,0.52,0.5
75.9,0.52,0.5
75.95,0.52,0.5
76,0.52,0.5
76.05,0.52,0.5
76.1,0.52,0.5
76.15,0.52,0.5
76.2,0.52,0.5
76.25,0.52,0.5
76.3,0.52,0.5
76.35,0.52,0.5
76.4,0.52,0.5
76.45,0.52,0.5
76.5,0.54,0.5
76.55,0.54,0.5
76.6,0.54,0.5
76.65,0.55,0.5
76.7,0.55,0.5
76.75,0.58,0.5
76.8,0.59,0.5
76.85,0.6,0.5
76.9,0.6,0.5
76.95,0.6,0.5
77,0.6,0.5
77.05,0.6,0.5
77.1,0.6,0.5
77.15,0.6,0.5
77.2,0.6,0.5
77.25,0.6,0.5
77.3,0.59,0.5
77.35,0.59,0.5
77.4,0.59,0.5
77.45,0.59,0.5
77.5,0.59,0.5
77.55,0.59,0.5
77.6,0.59,0.5
77.65,0.59,0.5
77.7,0.6,0.5
77.75,0.6,0.5
77.8,0.6,0.5
77.85,0.6,0.5
77.9,0.6,0.5
77.95,0.6,0.5
78,0.6,0.5
78.05,0.6,0.5
78.1,0.6,0.5
78.15,0.6,0.5
78.2,0.59,0.5
78.25,0.56,0.5
78.3,0.54,0.5
78.35,0.51,0.5
78.4,0.48,0.5
78.45,0.45,0.5
78.5,0.44,0.5
78.55,0.44,0.5
78.6,0.43,0.5
78.65,0.43,0.5
78.7,0.43,0.5
78.75,0.43,0.5
78.8,0.43,0.5
78.85,0.43,0.5
78.9,0.43,0.5
78.95,0.44,0.5
79,0.44,0.5
79.05,0.44,0.5
79.1,0.45,0.5
79.15,0.48,0.5
79.2,0.49,0.5
79.25,0.51,0.5
79.3,0.51,0.5
79.35,0.51,0.5
79.4,0.54,0.5
79.45,0.54,0.5
79.5,0.54,0.5
79.55,0.56,0.5
79.6,0.6,0.5
79.65,0.62,0.5
79.7,0.62,0.5
79.75,0.62,0.5
79.8,0.62,0.5
79.85,0.62,0.5
79.9,0.62,0.5
79.95,0.59,0.5
80,0.58,0.5
80.05,0.54,0.5
80.1,0.51,0.5
80.15,0.51,0.5
80.2,0.49,0.5
80.25,0.45,0.5
80.3,0.44,0.5
80.35,0.43,0.5
80.4,0.43,0.5
80.45,0.43,0.5
80.5,0.43,0.5
80.55,0.43,0.5
80.6,0.43,0.5
80.65,0.44,0.5
80.7,0.45,0.5
80.75,0.47,0.5
80.8,0.47,0.5
80.85,0.48,0.5
80.9,0.49,0.5
80.95,0.49,0.5
81,0.51,0.5
81.05,0.51,0.5
81.1,0.51,0.5
81.15,0.52,0.5
81.2,0.52,0.5
81.25,0.54,0.5
81.3,0.54,0.5
81.35,0.55,0.5
81.4,0.55,0.5
81.45,0.55,0.2
81.5,0.55,0.2
81.55,0.55,0.2
81.6,0.55,0.2
81.65,0.55,0.2
81.7,0.55,0.2
81.75,0.55,0.2
81.8,0.55,0.2
81.85,0.44,0.2
81.9,0.44,0.2
81.95,0.43,0.2
82,0.41,0.2
82.05,0.27,0.2
82.1,0.25,0.2
82.15,0.23,0.2
82.2,0.23,0.2
82.25,0.23,0.2
82.3,0.23,0.2
82.35,0.23,0.2
82.4,0.23,0.2
82.45,0.22,0.2
82.5,0.22,0.2
82.55,0.22,0.2
82.6,0.22,0.2
82.65,0.22,0.2
82.7,0.22,0.2
82.75,0.22,0.2
82.8,0.22,0.2
82.85,0.22,0.2
82.9,0.22,0.2
82.95,0.22,0.2
83,0.23,0.2
83.05,0.23,0.2
83.1,0.22,0.2
83.15,0.23,0.2
83.2,0.23,0.2
83.25,0.23,0.2
83.3,0.23,0.2
83.35,0.23,0.2
83.4,0.23,0.2
83.45,0.23,0.2
83.5,0.23,0.2
83.55,0.23,0.2
83.6,0.23,0.2
83.65,0.23,0.2
83.7,0.23,0.2
83.75,0.23,0.2
83.8,0.23,0.2
83.85,0.23,0.2
83.9,0.23,0.2
83.95,0.23,0.2
84,0.23,0.2
84.05,0.23,0.2
84.1,0.23,0.2
84.15,0.23,0.2
84.2,0.23,0.2
84.25,0.23,0.2
84.3,0.23,0.2
84.35,0.23,0.2
84.4,0.23,0.2
84.45,0.23,0.2
84.5,0.23,0.2
84.55,0.23,0.2
84.6,0.23,0.2
84.65,0.23,0.2
84.7,0.23,0.2
84.75,0.23,0.2
84.8,0.23,0.2
84.85,0.23,0.2
84.9,0.23,0.2
84.95,0.23,0.2
85,0.23,0.2
85.05,0.23,0.2
85.1,0.23,0.2
85.15,0.23,0.2
85.2,0.23,0.2
85.25,0.23,0.2
85.3,0.23,0.2
85.35,0.22,0.2
85.4,0.22,0.2
85.45,0.22,0.2
85.5,0.22,0.2
85.55,0.22,0.2
85.6,0.22,0.2
85.65,0.22,0.2
85.7,0.22,0.2
85.75,0.22,0.2
85.8,0.22,0.2
85.85,0.22,0.2
85.9,0.22,0.2
85.95,0.22,0.2
86,0.22,0.2
86.05,0.22,0.2
86.1,0.22,0.2
86.15,0.22,0.2
86.2,0.22,0.2
86.25,0.23,0.2
86.3,0.23,0.2
86.35,0.23,0.2
86.4,0.23,0.2
86.45,0.23,0.2
86.5,0.23,0.2
86.55,0.23,0.2
86.6,0.23,0.2
86.65,0.23,0.2
86.7,0.23,0.2
86.75,0.23,0.2
86.8,0.22,0.2
86.85,0.22,0.2
86.9,0.22,0.2
86.95,0.22,0.2
87,0.22,0.2
87.05,0.22,0.2
87.1,0.22,0.2
87.15,0.22,0.2
87.2,0.22,0.2
87.25,0.22,0.2
87.3,0.22,0.2
87.35,0.22,0.2
87.4,0.22,0.2
87.45,0.22,0.2
87.5,0.22,0.2
87.55,0.22,0.2
87.6,0.22,0.2
87.65,0.22,0.2
87.7,0.22,0.2
87.75,0.22,0.2
87.8,0.22,0.2
87.85,0.22,0.2
87.9,0.22,0.2
87.95,0.22,0.2
88,0.22,0.2
88.05,0.22,0.2
88.1,0.22,0.2
88.15,0.22,0.2
88.2,0.22,0.2
88.25,0.22,0.2
88.3,0.22,0.2
88.35,0.22,0.2
88.4,0.22,0.2
88.45,0.22,0.2
88.5,0.22,0.2
88.55,0.22,0.2
88.6,0.22,0.2
88.65,0.22,0.2
88.7,0.22,0.2
88.75,0.22,0.2
88.8,0.22,0.2
88.85,0.23,0.2
88.9,0.22,0.2
88.95,0.22,0.2
89,0.22,0.2
89.05,0.23,0.2
89.1,0.23,0.2
89.15,0.23,0.2
89.2,0.23,0.2
89.25,0.22,0.2
89.3,0.22,0.2
89.35,0.22,0.2
89.4,0.22,0.2
89.45,0.22,0.2
89.5,0.22,0.2
89.55,0.22,0.2
89.6,0.22,0.2
89.65,0.22,0.2
89.7,0.22,0.2
89.75,0.22,0.2
89.8,0.22,0.2
89.85,0.22,0.2
89.9,0.23,0.2
89.95,0.23,0.2
90,0.23,0.2
90.05,0.23,0.2
90.1,0.23,0.2
90.15,0.23,0.2
90.2,0.23,0.2
90.25,0.23,0.2
90.3,0.23,0.2
90.35,0.23,0.2
90.4,0.23,0.2
90.45,0.23,0.2
90.5,0.22,0.2
90.55,0.22,0.2
90.6,0.22,0.2
90.65,0.22,0.2
90.7,0.22,0.2
90.75,0.22,0.2
90.8,0.22,0.2
90.85,0.22,0.2
90.9,0.23,0.2
90.95,0.22,0.2
91,0.22,0.2
91.05,0.22,0.2
91.1,0.23,0.2
91.15,0.22,0.2
91.2,0.22,0.2
91.25,0.23,0.2
91.3,0.22,0.2
91.35,0.22,0.2
91.4,0.23,0.2
91.45,0.23,0.2
91.5,0.23,0.2
91.55,0.23,0.2
91.6,0.23,0.2
91.65,0.23,0.2
91.7,0.23,0.2
91.75,0.23,0.2
91.8,0.23,0.2
91.85,0.23,0.2
91.9,0.23,0.2
91.95,0.23,0.2
92,0.23,0.2
92.05,0.23,0.2
92.1,0.23,0.2
92.15,0.23,0.2
92.2,0.22,0.2
92.25,0.22,0.2
92.3,0.22,0.2
92.35,0.22,0.2
92.4,0.22,0.2
92.45,0.22,0.2
92.5,0.22,0.2
92.55,0.22,0.2
92.6,0.22,0.2
92.65,0.22,0.2
92.7,0.22,0.2
92.75,0.22,0.2
92.8,0.22,0.2
92.85,0.22,0.2
92.9,0.22,0.2
92.95,0.22,0.2
93,0.22,0.2
93.05,0.22,0.2
93.1,0.22,0.2
93.15,0.22,0.2
93.2,0.22,0.2
93.25,0.22,0.2
93.3,0.22,0.2
93.35,0.22,0.2
93.4,0.22,0.2
93.45,0.22,0.2
93.5,0.22,0.2
93.55,0.22,0.2
93.6,0.22,0.2
93.65,0.22,0.2
93.7,0.22,0.2
93.75,0.22,0.2
93.8,0.22,0.2
93.85,0.22,0.2
93.9,0.22,0.2
93.95,0.22,0.2
94,0.22,0.2
94.05,0.22,0.2
94.1,0.22,0.2
94.15,0.22,0.2
94.2,0.22,0.2
94.25,0.22,0.2
94.3,0.22,0.2
94.35,0.22,0.2
94.4,0.22,0.2
94.45,0.22,0.2
94.5,0.22,0.2
94.55,0.22,0.2
94.6,0.22,0.2
94.65,0.22,0.2
94.7,0.22,0.2
94.75,0.22,0.2
94.8,0.22,0.2
94.85,0.22,0.2
94.9,0.22,0.2
94.95,0.22,0.2
95,0.22,0.2
95.05,0.22,0.2
95.1,0.22,0.2
95.15,0.22,0.2
95.2,0.22,0.2
95.25,0.22,0.2
95.3,0.22,0.2
95.35,0.22,0.2
95.4,0.22,0.2
95.45,0.22,0.2
95.5,0.22,0.2
95.55,0.22,0.2
95.6,0.22,0.2
95.65,0.22,0.2
95.7,0.22,0.2
95.75,0.22,0.2
95.8,0.22,0.2
95.85,0.22,0.2
95.9,0.22,0.2
95.95,0.22,0.2
96,0.22,0.2
96.05,0.22,0.2
96.1,0.22,0.2
96.15,0.22,0.2
96.2,0.22,0.2
96.25,0.22,0.2
96.3,0.22,0.2
96.35,0.22,0.2
96.4,0.22,0.2
96.45,0.22,0.2
96.5,0.22,0.2
96.55,0.22,0.2
96.6,0.22,0.2
96.65,0.22,0.2
96.7,0.22,0.2
96.75,0.22,0.2
96.8,0.22,0.2
96.85,0.22,0.2
96.9,0.22,0.2
96.95,0.22,0.2
97,0.22,0.2
97.05,0.22,0.2
97.1,0.22,0.2
97.15,0.22,0.2
97.2,0.22,0.2
97.25,0.22,0.2
97.3,0.22,0.2
97.35,0.22,0.2
97.4,0.22,0.2
97.45,0.22,0.2
97.5,0.22,0.2
97.55,0.22,0.2
97.6,0.22,0.2
97.65,0.22,0.2
97.7,0.22,0.2
97.75,0.22,0.2
97.8,0.22,0.2
97.85,0.22,0.2
97.9,0.22,0.2
97.95,0.22,0.2
98,0.22,0.2
98.05,0.22,0.2
98.1,0.22,0.2
98.15,0.22,0.2
98.2,0.22,0.2
98.25,0.22,0.2
98.3,0.22,0.2
98.35,0.22,0.2
98.4,0.22,0.2
98.45,0.22,0.2
98.5,0.22,0.2
98.55,0.22,0.2
98.6,0.22,0.2
98.65,0.22,0.2
98.7,0.22,0.2
98.75,0.22,0.2
98.8,0.22,0.2
98.85,0.22,0.2
98.9,0.22,0.2
98.95,0.22,0.2
99,0.22,0.2
99.05,0.22,0.2
99.1,0.22,0.2
99.15,0.22,0.2
99.2,0.22,0.2
99.25,0.22,0.2
99.3,0.22,0.2
99.35,0.22,0.2
99.4,0.23,0.2
99.45,0.23,0.2
99.5,0.23,0.2
99.55,0.23,0.2
99.6,0.23,0.2
99.65,0.23,0.2
99.7,0.23,0.2
99.75,0.23,0.2
99.8,0.22,0.2
99.85,0.22,0.2
99.9,0.23,0.2
99.95,0.23,0.2
100,0.23,0.2
100.05,0.23,0.2
100.1,0.23,0.2
100.15,0.23,0.2
100.2,0.23,0.2
100.25,0.23,0.2
100.3,0.23,0.2
100.35,0.23,0.2
100.4,0.23,0.2
100.45,0.23,0.2
100.5,0.23,0.2
100.55,0.23,0.2
100.6,0.22,0.2
100.65,0.22,0.2
100.7,0.22,0.2
100.75,0.22,0.2
100.8,0.22,0.2
100.85,0.23,0.2
100.9,0.22,0.2
100.95,0.23,0.2
101,0.22,0.2
101.05,0.22,0.2
101.1,0.22,0.2
101.15,0.22,0.2
101.2,0.22,0.2
101.25,0.22,0.2
101.3,0.22,0.2
101.35,0.22,0.2
101.4,0.22,0.2
101.45,0.23,0.2
101.5,0.23,0.2
101.55,0.23,0.2
101.6,0.23,0.2
101.65,0.23,0.2
101.7,0.23,0.2
101.75,0.23,0.2
101.8,0.23,0.2
101.85,0.23,0.2
101.9,0.22,0.2
101.95,0.22,0.2
102,0.22,0.2
102.05,0.22,0.2
102.1,0.22,0.2
102.15,0.22,0.2
102.2,0.22,0.2
102.25,0.22,0.2
102.3,0.22,0.2
102.35,0.22,0.2
102.4,0.22,0.2
102.45,0.22,0.2
102.5,0.22,0.2
102.55,0.22,0.2
102.6,0.22,0.2
102.65,0.22,0.2
102.7,0.23,0.2
102.75,0.22,0.2
102.8,0.22,0.2
102.85,0.22,0.2
102.9,0.22,0.2
102.95,0.22,0.2
103,0.22,0.2
103.05,0.22,0.2
103.1,0.22,0.2
103.15,0.22,0.2
103.2,0.22,0.2
103.25,0.22,0.2
103.3,0.22,0.2
103.35,0.22,0.2
103.4,0.22,0.2
103.45,0.22,0.2
103.5,0.22,0.2
103.55,0.22,0.2
103.6,0.22,0.2
103.65,0.22,0.2
103.7,0.22,0.2
103.75,0.22,0.2
103.8,0.22,0.2
103.85,0.22,0.2
103.9,0.22,0.2
103.95,0.22,0.2
104,0.22,0.2
104.05,0.22,0.2
104.1,0.22,0.2
104.15,0.22,0.2
104.2,0.22,0.2
104.25,0.22,0.2
104.3,0.22,0.2
104.35,0.22,0.2
104.4,0.22,0.2
104.45,0.22,0.2
104.5,0.22,0.2
104.55,0.22,0.2
104.6,0.22,0.2
104.65,0.22,0.2
104.7,0.22,0.2
104.75,0.22,0.2
104.8,0.22,0.2
104.85,0.22,0.2
104.9,0.22,0.2
104.95,0.22,0.2
105,0.22,0.2
105.05,0.22,0.2
105.1,0.22,0.2
105.15,0.22,0.2
105.2,0.23,0.2
105.25,0.22,0.2
105.3,0.22,0.2
105.35,0.22,0.2
105.4,0.22,0.2
105.45,0.22,0.2
105.5,0.22,0.2
105.55,0.22,0.2
105.6,0.22,0.2
105.65,0.22,0.2
105.7,0.22,0.2
105.75,0.22,0.2
105.8,0.22,0.2
105.85,0.22,0.2
105.9,0.22,0.2
105.95,0.22,0.2
106,0.22,0.2
106.05,0.22,0.2
106.1,0.22,0.2
106.15,0.22,0.2
106.2,0.22,0.2
106.25,0.22,0.2
106.3,0.22,0.2
106.35,0.22,0.2
106.4,0.22,0.2
106.45,0.22,0.2
106.5,0.22,0.2
106.55,0.22,0.2
106.6,0.22,0.2
106.65,0.23,0.2
106.7,0.22,0.2
106.75,0.23,0.2
106.8,0.22,0.2
106.85,0.22,0.2
106.9,0.22,0.2
106.95,0.23,0.2
107,0.22,0.2
107.05,0.23,0.2
107.1,0.22,0.2
107.15,0.22,0.2
107.2,0.22,0.2
107.25,0.23,0.2
107.3,0.22,0.2
107.35,0.23,0.2
107.4,0.23,0.2
107.45,0.23,0.2
107.5,0.22,0.2
107.55,0.22,0.2
107.6,0.22,0.2
107.65,0.22,0.2
107.7,0.22,0.2
107.75,0.22,0.2
107.8,0.22,0.2
107.85,0.22,0.2
107.9,0.22,0.2
107.95,0.22,0.2
108,0.22,0.2
108.05,0.22,0.2
108.1,0.22,0.2
108.15,0.22,0.2
108.2,0.22,0.2
108.25,0.22,0.2
108.3,0.23,0.2
108.35,0.23,0.2
108.4,0.23,0.2
108.45,0.23,0.2
108.5,0.23,0.2
108.55,0.23,0.2
108.6,0.23,0.2
108.65,0.23,0.2
108.7,0.23,0.2
108.75,0.23,0.2
108.8,0.23,0.2
108.85,0.23,0.2
108.9,0.23,0.2
108.95,0.23,0.2
109,0.23,0.2
109.05,0.23,0.2
109.1,0.23,0.2
109.15,0.23,0.2
109.2,0.23,0.2
109.25,0.23,0.2
109.3,0.22,0.2
109.35,0.22,0.2
109.4,0.22,0.2
109.45,0.22,0.2
109.5,0.22,0.2
109.55,0.22,0.2
109.6,0.22,0.2
109.65,0.22,0.2
109.7,0.22,0.2
109.75,0.22,0.2
109.8,0.22,0.2
109.85,0.22,0.2
109.9,0.22,0.2
109.95,0.22,0.2
110,0.22,0.2
110.05,0.22,0.2
110.1,0.22,0.2
110.15,0.22,0.2
110.2,0.22,0.2
110.25,0.22,0.2
110.3,0.22,0.2
110.35,0.22,0.2
110.4,0.23,0.2
110.45,0.23,0.2
110.5,0.23,0.2
110.55,0.23,0.2
110.6,0.23,0.2
110.65,0.23,0.2
110.7,0.23,0.2
110.75,0.23,0.2
110.8,0.23,0.2
110.85,0.23,0.2
110.9,0.23,0.2
110.95,0.22,0.2
111,0.22,0.2
111.05,0.23,0.2
111.1,0.23,0.2
111.15,0.22,0.2
111.2,0.22,0.2
111.25,0.23,0.2
111.3,0.23,0.2
111.35,0.23,0.2
111.4,0.23,0.2
111.45,0.23,0.2
111.5,0.23,0.2
111.55,0.23,0.2
111.6,0.23,0.2
111.65,0.23,0.2
111.7,0.23,0.2
111.75,0.23,0.2
111.8,0.23,0.2
111.85,0.23,0.2
111.9,0.23,0.2
111.95,0.23,0.2
112,0.23,0.2
112.05,0.23,0.2
112.1,0.23,0.2
112.15,0.23,0.2
112.2,0.23,0.2
112.25,0.23,0.2
112.3,0.23,0.2
112.35,0.23,0.2
112.4,0.23,0.2
112.45,0.23,0.2
112.5,0.23,0.2
112.55,0.23,0.2
112.6,0.23,0.2
112.65,0.23,0.2
112.7,0.23,0.2
112.75,0.23,0.2
112.8,0.23,0.2
112.85,0.22,0.2
112.9,0.22,0.2
112.95,0.22,0.2
113,0.22,0.2
113.05,0.22,0.2
113.1,0.22,0.2
113.15,0.22,0.2
113.2,0.22,0.2
113.25,0.22,0.2
113.3,0.22,0.2
113.35,0.22,0.2
113.4,0.22,0.2
113.45,0.23,0.2
113.5,0.22,0.2
113.55,0.22,0.2
113.6,0.23,0.2
113.65,0.23,0.2
113.7,0.23,0.2
113.75,0.23,0.2
113.8,0.23,0.2
113.85,0.23,0.2
113.9,0.23,0.2
113.95,0.23,0.2
114,0.23,0.2
114.05,0.23,0.2
114.1,0.23,0.2
114.15,0.23,0.2
114.2,0.22,0.2
114.25,0.22,0.2
114.3,0.22,0.2
114.35,0.22,0.2
114.4,0.22,0.2
114.45,0.22,0.2
114.5,0.22,0.2
114.55,0.22,0.2
114.6,0.22,0.2
114.65,0.22,0.2
114.7,0.22,0.2
114.75,0.22,0.2
114.8,0.22,0.2
114.85,0.22,0.2
114.9,0.22,0.2
114.95,0.22,0.2
115,0.22,0.2
115.05,0.22,0.2
115.1,0.22,0.2
115.15,0.22,0.2
115.2,0.22,0.2
115.25,0.22,0.2
115.3,0.22,0.2
115.35,0.22,0.2
115.4,0.22,0.2
115.45,0.22,0.2
115.5,0.22,0.2
115.55,0.22,0.2
115.6,0.22,0.2
115.65,0.22,0.2
115.7,0.22,0.2
115.75,0.22,0.2
115.8,0.22,0.2
115.85,0.22,0.2
115.9,0.22,0.2
115.95,0.22,0.2
116,0.23,0.2
116.05,0.23,0.2
116.1,0.23,0.2
116.15,0.23,0.2
116.2,0.23,0.2
116.25,0.23,0.2
116.3,0.23,0.2
116.35,0.23,0.2
116.4,0.23,0.2
116.45,0.23,0.2
116.5,0.23,0.2
116.55,0.23,0.2
116.6,0.23,0.2
116.65,0.23,0.2
116.7,0.23,0.2
116.75,0.23,0.2
116.8,0.23,0.2
116.85,0.23,0.2
116.9,0.23,0.2
116.95,0.23,0.2
117,0.23,0.2
117.05,0.23,0.2
117.1,0.23,0.2
117.15,0.23,0.2
117.2,0.23,0.2
117.25,0.23,0.2
117.3,0.23,0.2
117.35,0.23,0.2
117.4,0.23,0.2
117.45,0.23,0.2
117.5,0.23,0.2
117.55,0.23,0.2
117.6,0.23,0.2
117.65,0.22,0.2
117.7,0.22,0.2
117.75,0.22,0.2
117.8,0.22,0.2
117.85,0.22,0.2
117.9,0.22,0.2
117.95,0.22,0.2
118,0.22,0.2
118.05,0.22,0.2
118.1,0.22,0.2
118.15,0.22,0.2
118.2,0.22,0.2
118.25,0.22,0.2
118.3,0.22,0.2
118.35,0.22,0.2
118.4,0.22,0.2
118.45,0.22,0.2
118.5,0.22,0.2
118.55,0.22,0.2
118.6,0.22,0.2
118.65,0.22,0.2
118.7,0.22,0.2
118.75,0.22,0.2
118.8,0.22,0.2
118.85,0.22,0.2
118.9,0.22,0.2
118.95,0.22,0.2
119,0.22,0.2
119.05,0.22,0.2
119.1,0.22,0.2
119.15,0.22,0.2
119.2,0.22,0.2
119.25,0.22,0.2
119.3,0.22,0.2
119.35,0.22,0.2
119.4,0.22,0.2
119.45,0.22,0.2
119.5,0.22,0.2
119.55,0.23,0.2
119.6,0.23,0.2
119.65,0.22,0.2
119.7,0.23,0.2
119.75,0.23,0.2
119.8,0.23,0.2
119.85,0.23,0.2
119.9,0.23,0.2
119.95,0.23,0.2
120,0.23,0.2
120.05,0.23,0.2
120.1,0.23,0.2
120.15,0.23,0.2
120.2,0.23,0.2
120.25,0.23,0.2
120.3,0.23,0.2
120.35,0.23,0.2
120.4,0.23,0.2
120.45,0.23,0.2
120.5,0.23,0.2
120.55,0.23,0.2
120.6,0.23,0.2
120.65,0.23,0.2
120.7,0.23,0.2
120.75,0.23,0.2
120.8,0.23,0.2
120.85,0.23,0.2
120.9,0.23,0.2
120.95,0.23,0.2
121,0.23,0.2
121.05,0.23,0.2
121.1,0.23,0.2
121.15,0.23,0.2
121.2,0.23,0.2
121.25,0.23,0.2
121.3,0.23,0.2
121.35,0.23,0.2
121.4,0.23,0.2
121.45,0.23,0.2
121.5,0.23,0.2
121.55,0.23,0.2
121.6,0.23,0.2
121.65,0.23,0.2
121.7,0.23,0.2
121.75,0.23,0.2
121.8,0.23,0.2
121.85,0.23,0.2
121.9,0.23,0.2
121.95,0.23,0.2
122,0.23,0.2
122.05,0.23,0.2
122.1,0.23,0.2
122.15,0.23,0.2
122.2,0.23,0.2
122.25,0.23,0.2
122.3,0.23,0.2
122.35,0.23,0.2
122.4,0.22,0.2
122.45,0.23,0.2
122.5,0.22,0.2
122.55,0.22,0.2
122.6,0.22,0.2
122.65,0.22,0.2
122.7,0.22,0.2
122.75,0.22,0.2
122.8,0.22,0.2
122.85,0.22,0.2
122.9,0.22,0.2
122.95,0.22,0.2
123,0.22,0.2
123.05,0.22,0.2
123.1,0.23,0.2
123.15,0.29,0.2
123.2,0.29,0.2
123.25,0.29,0.2
123.3,0.29,0.2
123.35,0.29,0.2
123.4,0.29,0.2
123.45,0.23,0.2
123.5,0.23,0.2
123.55,0.23,0.2
123.6,0.22,0.2
123.65,0.22,0.2
123.7,0.22,0.2
123.75,0.23,0.2
123.8,0.23,0.2
123.85,0.23,0.2
123.9,0.23,0.2
123.95,0.23,0.2
124,0.23,0.2
124.05,0.23,0.2
124.1,0.23,0.2
124.15,0.23,0.2
124.2,0.23,0.2
124.25,0.23,0.2
124.3,0.23,0.2
124.35,0.23,0.2
124.4,0.23,0.2
124.45,0.23,0.2
124.5,0.23,0.2
124.55,0.23,0.2
124.6,0.23,0.2
124.65,0.23,0.2
124.7,0.23,0.2
124.75,0.23,0.2
124.8,0.23,0.2
124.85,0.23,0.2
124.9,0.23,0.2
124.95,0.23,0.2
125,0.23,0.2
125.05,0.22,0.2
125.1,0.22,0.2
125.15,0.22,0.2
125.2,0.22,0.2
125.25,0.22,0.2
125.3,0.22,0.2
125.35,0.22,0.2
125.4,0.22,0.2
125.45,0.23,0.2
125.5,0.23,0.2
125.55,0.23,0.2
125.6,0.23,0.2
125.65,0.25,0.2
125.7,0.25,0.2
125.75,0.25,0.2
125.8,0.25,0.2
125.85,0.25,0.2
125.9,0.25,0.2
125.95,0.23,0.2
126,0.23,0.2
126.05,0.23,0.2
126.1,0.23,0.2
126.15,0.22,0.2
126.2,0.22,0.2
126.25,0.22,0.2
126.3,0.22,0.2
126.35,0.22,0.2
126.4,0.22,0.2
126.45,0.22,0.2
126.5,0.23,0.2
126.55,0.23,0.2
126.6,0.23,0.2
126.65,0.23,0.2
126.7,0.23,0.2
126.75,0.23,0.2
126.8,0.23,0.2
126.85,0.23,0.2
126.9,0.23,0.2
126.95,0.23,0.2
127,0.23,0.2
127.05,0.23,0.2
127.1,0.23,0.2
127.15,0.23,0.2
127.2,0.23,0.2
127.25,0.23,0.2
127.3,0.23,0.2
127.35,0.23,0.2
127.4,0.23,0.2
127.45,0.23,0.2
127.5,0.23,0.2
127.55,0.22,0.2
127.6,0.22,0.2
127.65,0.22,0.2
127.7,0.22,0.2
127.75,0.22,0.2
127.8,0.23,0.2
127.85,0.23,0.2
127.9,0.23,0.5
127.95,0.23,0.5
128,0.23,0.5
128.05,0.23,0.5
128.1,0.23,0.5
128.15,0.23,0.5
128.2,0.23,0.5
128.25,0.23,0.5
128.3,0.23,0.5
128.35,0.23,0.5
128.4,0.23,0.5
128.45,0.23,0.5
128.5,0.23,0.5
128.55,0.23,0.5
128.6,0.23,0.5
128.65,0.23,0.5
128.7,0.23,0.5
128.75,0.23,0.5
128.8,0.23,0.5
128.85,0.23,0.5
128.9,0.22,0.5
128.95,0.22,0.5
129,0.22,0.5
129.05,0.22,0.5
129.1,0.22,0.5
129.15,0.22,0.5
129.2,0.22,0.5
129.25,0.22,0.5
129.3,0.22,0.5
129.35,0.22,0.5
129.4,0.22,0.5
129.45,0.22,0.5
129.5,0.22,0.5
129.55,0.22,0.5
129.6,0.22,0.5
129.65,0.22,0.5
129.7,0.22,0.5
129.75,0.22,0.5
129.8,0.22,0.5
129.85,0.22,0.5
129.9,0.22,0.5
129.95,0.22,0.5
130,0.22,0.5
130.05,0.22,0.5
130.1,0.22,0.5
130.15,0.22,0.5
130.2,0.22,0.5
130.25,0.22,0.5
130.3,0.22,0.5
130.35,0.22,0.5
130.4,0.22,0.5
130.45,0.22,0.5
130.5,0.22,0.5
130.55,0.22,0.5
130.6,0.22,0.5
130.65,0.22,0.5
130.7,0.22,0.5
130.75,0.22,0.5
130.8,0.22,0.5
130.85,0.22,0.5
130.9,0.22,0.5
130.95,0.22,0.5
131,0.22,0.5
131.05,0.22,0.5
131.1,0.22,0.5
131.15,0.22,0.5
131.2,0.22,0.5
131.25,0.23,0.5
131.3,0.23,0.5
131.35,0.23,0.5
131.4,0.22,0.5
131.45,0.22,0.5
131.5,0.22,0.5
131.55,0.22,0.5
131.6,0.22,0.5
131.65,0.22,0.5
131.7,0.22,0.5
131.75,0.22,0.5
131.8,0.22,0.5
131.85,0.22,0.5
131.9,0.22,0.5
131.95,0.22,0.5
132,0.22,0.5
132.05,0.22,0.5
132.1,0.22,0.5
132.15,0.22,0.5
132.2,0.22,0.5
132.25,0.23,0.5
132.3,0.23,0.5
132.35,0.23,0.5
132.4,0.23,0.5
132.45,0.23,0.5
132.5,0.25,0.5
132.55,0.25,0.5
132.6,0.26,0.5
132.65,0.27,0.5
132.7,0.27,0.5
132.75,0.3,0.5
132.8,0.32,0.5
132.85,0.33,0.5
132.9,0.34,0.5
132.95,0.34,0.5
133,0.34,0.5
133.05,0.34,0.5
133.1,0.34,0.5
133.15,0.34,0.5
133.2,0.36,0.5
133.25,0.36,0.5
133.3,0.36,0.5
133.35,0.36,0.5
133.4,0.36,0.5
133.45,0.36,0.5
133.5,0.36,0.5
133.55,0.36,0.5
133.6,0.36,0.5
133.65,0.36,0.5
133.7,0.36,0.5
133.75,0.36,0.5
133.8,0.36,0.5
133.85,0.36,0.5
133.9,0.36,0.5
133.95,0.36,0.5
134,0.36,0.5
134.05,0.36,0.5
134.1,0.36,0.5
134.15,0.36,0.5
134.2,0.36,0.5
134.25,0.36,0.5
134.3,0.36,0.5
134.35,0.36,0.5
134.4,0.36,0.5
134.45,0.36,0.5
134.5,0.36,0.5
134.55,0.36,0.5
134.6,0.36,0.5
134.65,0.36,0.5
134.7,0.36,0.5
134.75,0.37,0.5
134.8,0.37,0.5
134.85,0.4,0.5
134.9,0.41,0.5
134.95,0.41,0.5
135,0.43,0.5
135.05,0.44,0.5
135.1,0.44,0.5
135.15,0.44,0.5
135.2,0.45,0.5
135.25,0.45,0.5
135.3,0.47,0.5
135.35,0.47,0.5
135.4,0.49,0.5
135.45,0.49,0.5
135.5,0.51,0.5
135.55,0.51,0.5
135.6,0.54,0.5
135.65,0.58,0.5
135.7,0.64,0.5
135.75,0.81,0.5
135.8,0.97,0.5
135.85,0.97,0.5
135.9,0.97,0.5
135.95,0.97,0.5
136,0.97,0.5
136.05,0.97,0.5
136.1,0.95,0.5
136.15,0.95,0.5
136.2,0.92,0.5
136.25,0.92,0.5
136.3,0.91,0.5
136.35,0.91,0.5
136.4,0.91,0.5
136.45,0.89,0.5
136.5,0.8,0.5
136.55,0.78,0.5
136.6,0.77,0.5
136.65,0.74,0.5
136.7,0.73,0.5
136.75,0.69,0.5
136.8,0.69,0.5
136.85,0.69,0.5
136.9,0.69,0.5
136.95,0.69,0.5
137,0.69,0.5
137.05,0.69,0.5
137.1,0.7,0.5
137.15,0.71,0.5
137.2,0.71,0.5
137.25,0.74,0.5
137.3,0.77,0.5
137.35,0.77,0.5
137.4,0.81,0.5
137.45,0.82,0.5
137.5,0.84,0.5
137.55,0.84,0.5
137.6,0.84,0.5
137.65,0.84,0.5
137.7,0.84,0.5
137.75,0.84,0.5
137.8,0.82,0.5
137.85,0.81,0.5
137.9,0.75,0.5
137.95,0.73,0.5
138,0.66,0.5
138.05,0.6,0.5
138.1,0.55,0.5
138.15,0.45,0.5
138.2,0.37,0.5
138.25,0.37,0.5
138.3,0.37,0.5
138.35,0.37,0.5
138.4,0.37,0.5
138.45,0.37,0.5
138.5,0.37,0.5
138.55,0.38,0.5
138.6,0.41,0.5
138.65,0.44,0.5
138.7,0.45,0.5
138.75,0.45,0.5
138.8,0.45,0.5
138.85,0.45,0.5
138.9,0.45,0.5
138.95,0.45,0.5
139,0.45,0.5
139.05,0.45,0.5
139.1,0.45,0.5
139.15,0.45,0.5
139.2,0.45,0.5
139.25,0.44,0.5
139.3,0.44,0.5
139.35,0.44,0.5
139.4,0.44,0.5
139.45,0.44,0.5
139.5,0.44,0.5
139.55,0.44,0.5
139.6,0.44,0.5
139.65,0.44,0.5
139.7,0.44,0.5
139.75,0.44,0.5
139.8,0.44,0.5
139.85,0.45,0.5
139.9,0.45,0.5
139.95,0.45,0.5
140,0.45,0.5
140.05,0.47,0.5
140.1,0.47,0.5
140.15,0.49,0.5
140.2,0.49,0.5
140.25,0.52,0.5
140.3,0.56,0.5
140.35,0.56,0.5
140.4,0.56,0.5
140.45,0.59,0.5
140.5,0.59,0.5
140.55,0.6,0.5
140.6,0.6,0.5
140.65,0.6,0.5
140.7,0.6,0.5
140.75,0.6,0.5
140.8,0.59,0.5
140.85,0.56,0.5
140.9,0.55,0.5
140.95,0.54,0.5
141,0.52,0.5
141.05,0.49,0.5
141.1,0.47,0.5
141.15,0.45,0.5
141.2,0.44,0.5
141.25,0.44,0.5
141.3,0.44,0.5
141.35,0.44,0.5
141.4,0.44,0.5
141.45,0.44,0.5
141.5,0.44,0.5
141.55,0.45,0.5
141.6,0.45,0.5
141.65,0.45,0.5
141.7,0.45,0.5
141.75,0.45,0.5
141.8,0.45,0.5
141.85,0.45,0.5
141.9,0.45,0.5
141.95,0.45,0.5
142,0.45,0.5
142.05,0.44,0.5
142.1,0.44,0.5
142.15,0.44,0.5
142.2,0.44,0.5
142.25,0.44,0.5
142.3,0.44,0.5
142.35,0.44,0.5
142.4,0.44,0.5
142.45,0.44,0.5
142.5,0.44,0.5
142.55,0.44,0.5
142.6,0.44,0.5
142.65,0.44,0.5
142.7,0.44,0.5
142.75,0.44,0.5
142.8,0.45,0.5
142.85,0.45,0.5
142.9,0.47,0.5
142.95,0.49,0.5
143,0.52,0.5
143.05,0.54,0.5
143.1,0.54,0.5
143.15,0.54,0.5
143.2,0.54,0.5
143.25,0.54,0.5
143.3,0.54,0.5
143.35,0.52,0.5
143.4,0.51,0.5
143.45,0.45,0.5
143.5,0.45,0.5
143.55,0.44,0.5
143.6,0.44,0.5
143.65,0.41,0.5
143.7,0.4,0.5
143.75,0.37,0.5
143.8,0.36,0.5
143.85,0.36,0.5
143.9,0.36,0.5
143.95,0.36,0.5
144,0.36,0.5
144.05,0.36,0.5
144.1,0.36,0.5
144.15,0.36,0.5
144.2,0.36,0.5
144.25,0.36,0.5
144.3,0.36,0.5
144.35,0.37,0.5
144.4,0.37,0.5
144.45,0.37,0.5
144.5,0.38,0.5
144.55,0.4,0.5
144.6,0.41,0.5
144.65,0.43,0.5
144.7,0.43,0.5
144.75,0.43,0.5
144.8,0.44,0.5
144.85,0.44,0.5
144.9,0.44,0.5
144.95,0.44,0.5
145,0.44,0.5
145.05,0.44,0.5
145.1,0.44,0.5
145.15,0.45,0.5
145.2,0.45,0.5
145.25,0.45,0.5
145.3,0.45,0.5
145.35,0.45,0.5
145.4,0.45,0.5
145.45,0.45,0.5
145.5,0.45,0.5
145.55,0.48,0.5
145.6,0.48,0.5
145.65,0.48,0.5
145.7,0.48,0.5
145.75,0.48,0.5
145.8,0.48,0.5
145.85,0.47,0.5
145.9,0.47,0.5
145.95,0.47,0.5
146,0.47,0.5
146.05,0.45,0.5
146.1,0.45,0.5
146.15,0.45,0.5
146.2,0.47,0.5
146.25,0.47,0.5
146.3,0.47,0.5
146.35,0.47,0.5
146.4,0.48,0.5
146.45,0.51,0.5
146.5,0.52,0.5
146.55,0.54,0.5
146.6,0.55,0.5
146.65,0.56,0.5
146.7,0.58,0.5
146.75,0.58,0.5
146.8,0.59,0.5
146.85,0.59,0.5
146.9,0.59,0.5
146.95,0.59,0.5
147,0.59,0.5
147.05,0.59,0.5
147.1,0.59,0.5
147.15,0.59,0.5
147.2,0.59,0.5
147.25,0.58,0.5
147.3,0.58,0.5
147.35,0.58,0.5
147.4,0.58,0.5
147.45,0.59,0.5
147.5,0.59,0.5
147.55,0.59,0.5
147.6,0.59,0.5
147.65,0.59,0.5
147.7,0.63,0.5
147.75,0.66,0.5
147.8,0.66,0.5
147.85,0.66,0.5
147.9,0.66,0.5
147.95,0.66,0.5
148,0.66,0.5
148.05,0.66,0.5
148.1,0.63,0.5
148.15,0.6,0.5
148.2,0.6,0.5
148.25,0.58,0.5
148.3,0.58,0.5
148.35,0.56,0.5
148.4,0.56,0.5
148.45,0.56,0.5
148.5,0.56,0.5
148.55,0.56,0.5
148.6,0.56,0.5
148.65,0.56,0.5
148.7,0.56,0.5
148.75,0.58,0.5
148.8,0.58,0.5
148.85,0.58,0.5
148.9,0.59,0.5
148.95,0.59,0.5
149,0.59,0.5
149.05,0.59,0.5
149.1,0.59,0.5
149.15,0.59,0.5
149.2,0.59,0.5
149.25,0.59,0.5
149.3,0.58,0.5
149.35,0.58,0.5
149.4,0.54,0.5
149.45,0.49,0.5
149.5,0.47,0.5
149.55,0.45,0.5
149.6,0.44,0.5
149.65,0.44,0.5
149.7,0.44,0.5
149.75,0.44,0.5
149.8,0.44,0.5
149.85,0.44,0.5
149.9,0.44,0.5
149.95,0.44,0.5
150,0.44,0.5
150.05,0.44,0.5
150.1,0.44,0.5
150.15,0.45,0.5
150.2,0.45,0.5
150.25,0.48,0.5
150.3,0.49,0.5
150.35,0.49,0.5
150.4,0.49,0.5
150.45,0.49,0.5
150.5,0.49,0.5
150.55,0.49,0.5
150.6,0.49,0.5
150.65,0.49,0.5
150.7,0.47,0.5
150.75,0.45,0.5
150.8,0.45,0.5
150.85,0.45,0.5
150.9,0.44,0.5
150.95,0.44,0.5
151,0.44,0.5
151.05,0.44,0.5
151.1,0.44,0.5
151.15,0.44,0.5
151.2,0.44,0.5
151.25,0.44,0.5
151.3,0.44,0.5
151.35,0.44,0.5
151.4,0.44,0.5
151.45,0.44,0.5
151.5,0.44,0.5
151.55,0.44,0.5
151.6,0.44,0.5
151.65,0.44,0.5
151.7,0.44,0.5
151.75,0.44,0.5
151.8,0.44,0.5
151.85,0.43,0.5
151.9,0.43,0.5
151.95,0.43,0.5
152,0.41,0.5
152.05,0.38,0.5
152.1,0.38,0.5
152.15,0.38,0.5
152.2,0.38,0.5
152.25,0.38,0.5
152.3,0.38,0.5
152.35,0.38,0.5
152.4,0.4,0.5
152.45,0.4,0.5
152.5,0.4,0.5
152.55,0.4,0.5
152.6,0.41,0.5
152.65,0.41,0.5
152.7,0.43,0.5
152.75,0.43,0.5
152.8,0.43,0.5
152.85,0.44,0.5
152.9,0.44,0.5
152.95,0.45,0.5
153,0.45,0.5
153.05,0.48,0.5
153.1,0.51,0.5
153.15,0.51,0.5
153.2,0.52,0.5
153.25,0.52,0.5
153.3,0.52,0.5
153.35,0.52,0.5
153.4,0.52,0.5
153.45,0.52,0.5
153.5,0.51,0.5
153.55,0.49,0.5
153.6,0.47,0.5
153.65,0.45,0.5
153.7,0.44,0.5
153.75,0.44,0.5
153.8,0.43,0.5
153.85,0.41,0.5
153.9,0.4,0.5
153.95,0.4,0.5
154,0.4,0.5
154.05,0.4,0.5
154.1,0.4,0.5
154.15,0.4,0.5
154.2,0.4,0.5
154.25,0.41,0.5
154.3,0.44,0.5
154.35,0.44,0.5
154.4,0.44,0.5
154.45,0.44,0.5
154.5,0.44,0.5
154.55,0.45,0.5
154.6,0.45,0.5
154.65,0.45,0.5
154.7,0.45,0.5
154.75,0.45,0.5
154.8,0.45,0.5
154.85,0.45,0.5
154.9,0.45,0.5
154.95,0.45,0.5
155,0.45,0.5
155.05,0.44,0.5
155.1,0.44,0.5
155.15,0.44,0.5
155.2,0.44,0.5
155.25,0.44,0.5
155.3,0.44,0.5
155.35,0.45,0.5
155.4,0.45,0.5
155.45,0.45,0.5
155.5,0.45,0.5
155.55,0.45,0.5
155.6,0.45,0.5
155.65,0.45,0.5
155.7,0.45,0.5
155.75,0.45,0.5
155.8,0.45,0.5
155.85,0.45,0.5
155.9,0.45,0.5
155.95,0.45,0.5
156,0.45,0.5
156.05,0.45,0.5
156.1,0.44,0.5
156.15,0.44,0.5
156.2,0.44,0.5
156.25,0.44,0.5
156.3,0.44,0.5
156.35,0.44,0.5
156.4,0.43,0.5
156.45,0.43,0.5
156.5,0.43,0.5
156.55,0.43,0.5
156.6,0.43,0.5
156.65,0.43,0.5
156.7,0.43,0.5
156.75,0.43,0.5
156.8,0.41,0.5
156.85,0.4,0.5
156.9,0.38,0.5
156.95,0.38,0.5
157,0.38,0.5
157.05,0.38,0.5
157.1,0.38,0.5
157.15,0.38,0.5
157.2,0.38,0.5
157.25,0.41,0.5
157.3,0.41,0.5
157.35,0.43,0.5
157.4,0.43,0.5
157.45,0.44,0.5
157.5,0.45,0.5
157.55,0.45,0.5
157.6,0.48,0.5
157.65,0.51,0.5
157.7,0.52,0.5
157.75,0.54,0.5
157.8,0.58,0.5
157.85,0.59,0.5
157.9,0.6,0.5
157.95,0.63,0.5
158,0.63,0.5
158.05,0.63,0.5
158.1,0.63,0.5
158.15,0.63,0.5
158.2,0.63,0.5
158.25,0.62,0.5
158.3,0.56,0.5
158.35,0.54,0.5
158.4,0.51,0.5
158.45,0.48,0.5
158.5,0.45,0.5
158.55,0.45,0.5
158.6,0.45,0.5
158.65,0.45,0.5
158.7,0.45,0.5
158.75,0.45,0.5
158.8,0.45,0.5
158.85,0.47,0.5
158.9,0.47,0.5
158.95,0.49,0.5
159,0.49,0.5
159.05,0.49,0.5
159.1,0.49,0.5
159.15,0.51,0.5
159.2,0.51,0.5
159.25,0.51,0.5
159.3,0.51,0.5
159.35,0.51,0.5
159.4,0.51,0.5
159.45,0.52,0.5
159.5,0.52,0.5
159.55,0.52,0.5
159.6,0.55,0.5
159.65,0.55,0.5
159.7,0.58,0.5
159.75,0.58,0.5
159.8,0.59,0.5
159.85,0.59,0.5
159.9,0.59,0.5
159.95,0.62,0.5
160,0.63,0.5
160.05,0.63,0.5
160.1,0.66,0.5
160.15,0.7,0.5
160.2,0.7,0.5
160.25,0.7,0.5
160.3,0.7,0.5
160.35,0.7,0.5
160.4,0.7,0.5
160.45,0.7,0.5
160.5,0.69,0.5
160.55,0.66,0.5
160.6,0.63,0.5
160.65,0.6,0.5
160.7,0.55,0.5
160.75,0.52,0.5
160.8,0.52,0.5
160.85,0.51,0.5
160.9,0.49,0.5
160.95,0.48,0.5
161,0.48,0.5
161.05,0.48,0.5
161.1,0.48,0.5
161.15,0.48,0.5
161.2,0.48,0.5
161.25,0.48,0.5
161.3,0.48,0.5
161.35,0.48,0.5
161.4,0.48,0.5
161.45,0.49,0.5
161.5,0.49,0.5
161.55,0.49,0.5
161.6,0.49,0.5
161.65,0.49,0.5
161.7,0.51,0.5
161.75,0.51,0.5
161.8,0.51,0.5
161.85,0.52,0.5
161.9,0.52,0.5
161.95,0.52,0.5
162,0.52,0.5
162.05,0.54,0.5
162.1,0.54,0.5
162.15,0.54,0.5
162.2,0.54,0.5
162.25,0.54,0.5
162.3,0.54,0.5
162.35,0.54,0.5
162.4,0.54,0.5
162.45,0.52,0.5
162.5,0.51,0.5
162.55,0.49,0.5
162.6,0.49,0.5
162.65,0.45,0.5
162.7,0.44,0.5
162.75,0.44,0.5
162.8,0.41,0.5
162.85,0.38,0.5
162.9,0.37,0.5
162.95,0.36,0.5
163,0.36,0.5
163.05,0.36,0.5
163.1,0.36,0.5
163.15,0.36,0.5
163.2,0.36,0.5
163.25,0.37,0.5
163.3,0.37,0.5
163.35,0.38,0.5
163.4,0.4,0.5
163.45,0.41,0.5
163.5,0.43,0.5
163.55,0.44,0.5
163.6,0.44,0.5
163.65,0.44,0.5
163.7,0.44,0.5
163.75,0.44,0.5
163.8,0.44,0.5
163.85,0.44,0.5
163.9,0.44,0.5
163.95,0.44,0.5
164,0.45,0.5
164.05,0.45,0.5
164.1,0.45,0.5
164.15,0.47,0.5
164.2,0.47,0.5
164.25,0.47,0.5
164.3,0.48,0.5
164.35,0.49,0.5
164.4,0.49,0.5
164.45,0.49,0.5
164.5,0.49,0.5
164.55,0.49,0.5
164.6,0.49,0.5
164.65,0.49,0.5
164.7,0.49,0.5
164.75,0.49,0.5
164.8,0.47,0.5
164.85,0.47,0.5
164.9,0.47,0.5
164.95,0.47,0.5
165,0.47,0.5
165.05,0.45,0.5
165.1,0.45,0.5
165.15,0.45,0.5
165.2,0.44,0.5
165.25,0.44,0.5
165.3,0.44,0.5
165.35,0.44,0.5
165.4,0.44,0.5
165.45,0.44,0.5
165.5,0.44,0.5
165.55,0.44,0.5
165.6,0.44,0.5
165.65,0.44,0.5
165.7,0.44,0.5
165.75,0.44,0.5
165.8,0.44,0.5
165.85,0.44,0.5
165.9,0.44,0.5
165.95,0.44,0.5
166,0.44,0.5
166.05,0.44,0.5
166.1,0.44,0.5
166.15,0.45,0.5
166.2,0.45,0.5
166.25,0.45,0.5
166.3,0.45,0.5
166.35,0.47,0.5
166.4,0.47,0.5
166.45,0.47,0.5
166.5,0.47,0.5
166.55,0.47,0.5
166.6,0.49,0.5
166.65,0.49,0.5
166.7,0.49,0.5
166.75,0.49,0.5
166.8,0.49,0.5
166.85,0.49,0.5
166.9,0.49,0.5
166.95,0.49,0.5
167,0.48,0.5
167.05,0.47,0.5
167.1,0.47,0.5
167.15,0.47,0.5
167.2,0.45,0.5
167.25,0.45,0.5
167.3,0.44,0.5
167.35,0.44,0.5
167.4,0.43,0.5
167.45,0.43,0.5
167.5,0.4,0.5
167.55,0.4,0.5
167.6,0.38,0.5
167.65,0.38,0.5
167.7,0.38,0.5
167.75,0.38,0.5
167.8,0.38,0.5
167.85,0.38,0.5
167.9,0.38,0.5
167.95,0.4,0.5
168,0.4,0.5
168.05,0.41,0.5
168.1,0.43,0.5
168.15,0.43,0.5
168.2,0.43,0.5
168.25,0.43,0.5
168.3,0.44,0.5
168.35,0.44,0.5
168.4,0.44,0.5
168.45,0.44,0.5
168.5,0.44,0.5
168.55,0.44,0.5
168.6,0.44,0.5
168.65,0.44,0.5
168.7,0.44,0.5
168.75,0.44,0.5
168.8,0.44,0.5
168.85,0.44,0.5
168.9,0.44,0.5
168.95,0.44,0.5
169,0.44,0.5
169.05,0.44,0.5
169.1,0.44,0.5
169.15,0.44,0.5
169.2,0.44,0.5
169.25,0.44,0.5
169.3,0.44,0.5
169.35,0.44,0.5
169.4,0.44,0.5
169.45,0.43,0.5
169.5,0.43,0.5
169.55,0.41,0.5
169.6,0.41,0.5
169.65,0.41,0.5
169.7,0.4,0.5
169.75,0.4,0.5
169.8,0.4,0.5
169.85,0.41,0.5
169.9,0.41,0.5
169.95,0.41,0.5
170,0.41,0.5
170.05,0.44,0.5
170.1,0.44,0.5
170.15,0.44,0.5
170.2,0.44,0.5
170.25,0.44,0.5
170.3,0.45,0.5
170.35,0.45,0.5
170.4,0.45,0.5
170.45,0.45,0.5
170.5,0.45,0.5
170.55,0.47,0.5
170.6,0.47,0.5
170.65,0.47,0.5
170.7,0.47,0.5
170.75,0.47,0.5
170.8,0.47,0.5
170.85,0.47,0.5
170.9,0.47,0.5
170.95,0.47,0.5
171,0.47,0.5
171.05,0.45,0.5
171.1,0.45,0.5
171.15,0.45,0.5
171.2,0.45,0.5
171.25,0.45,0.5
171.3,0.45,0.5
171.35,0.45,0.5
171.4,0.45,0.5
171.45,0.44,0.5
171.5,0.44,0.5
171.55,0.44,0.5
171.6,0.44,0.5
171.65,0.44,0.5
171.7,0.44,0.5
171.75,0.44,0.5
171.8,0.44,0.5
171.85,0.44,0.5
171.9,0.44,0.5
171.95,0.44,0.5
172,0.44,0.5
172.05,0.44,0.5
172.1,0.44,0.5
172.15,0.44,0.5
172.2,0.44,0.5
172.25,0.44,0.5
172.3,0.44,0.5
172.35,0.44,0.5
172.4,0.44,0.5
172.45,0.44,0.5
172.5,0.44,0.5
172.55,0.44,0.5
172.6,0.44,0.5
172.65,0.44,0.5
172.7,0.44,0.5
172.75,0.44,0.5
172.8,0.44,0.5
172.85,0.44,0.5
172.9,0.45,0.5
172.95,0.45,0.5
173,0.45,0.5
173.05,0.45,0.5
173.1,0.45,0.5
173.15,0.47,0.5
173.2,0.48,0.5
173.25,0.48,0.5
173.3,0.48,0.5
173.35,0.48,0.5
173.4,0.49,0.5
173.45,0.49,0.5
173.5,0.49,0.5
173.55,0.49,0.5
173.6,0.49,0.5
173.65,0.49,0.5
173.7,0.49,0.5
173.75,0.49,0.5
173.8,0.48,0.5
173.85,0.48,0.5
173.9,0.48,0.5
173.95,0.48,0.5
174,0.48,0.5
174.05,0.48,0.5
174.1,0.48,0.5
174.15,0.47,0.5
174.2,0.47,0.5
174.25,0.47,0.5
174.3,0.47,0.5
174.35,0.47,0.5
174.4,0.47,0.5
174.45,0.47,0.5
174.5,0.47,0.5
174.55,0.47,0.5
174.6,0.47,0.5
174.65,0.48,0.5
174.7,0.48,0.5
174.75,0.48,0.5
174.8,0.49,0.5
174.85,0.49,0.5
174.9,0.49,0.5
174.95,0.49,0.5
175,0.49,0.5
175.05,0.49,0.5
175.1,0.49,0.5
175.15,0.49,0.5
175.2,0.49,0.5
175.25,0.49,0.5
175.3,0.49,0.5
175.35,0.49,0.5
175.4,0.49,0.5
175.45,0.49,0.5
175.5,0.51,0.5
175.55,0.51,0.5
175.6,0.51,0.5
175.65,0.51,0.5
175.7,0.52,0.5
175.75,0.52,0.5
175.8,0.54,0.5
175.85,0.55,0.5
175.9,0.55,0.5
175.95,0.55,0.5
176,0.56,0.5
176.05,0.56,0.5
176.1,0.56,0.5
176.15,0.56,0.5
176.2,0.56,0.5
176.25,0.56,0.5
176.3,0.56,0.5
176.35,0.56,0.5
176.4,0.55,0.5
176.45,0.54,0.5
176.5,0.54,0.5
176.55,0.52,0.5
176.6,0.52,0.5
176.65,0.52,0.5
176.7,0.52,0.5
176.75,0.52,0.5
176.8,0.52,0.5
176.85,0.52,0.5
176.9,0.52,0.5
176.95,0.52,0.5
177,0.52,0.5
177.05,0.52,0.5
177.1,0.52,0.5
177.15,0.52,0.5
177.2,0.52,0.5
177.25,0.52,0.5
177.3,0.54,0.5
177.35,0.54,0.5
177.4,0.54,0.5
177.45,0.55,0.5
177.5,0.55,0.5
177.55,0.58,0.5
177.6,0.59,0.5
177.65,0.59,0.5
177.7,0.59,0.5
177.75,0.59,0.5
177.8,0.59,0.5
177.85,0.59,0.5
177.9,0.59,0.5
177.95,0.6,0.5
178,0.6,0.5
178.05,0.6,0.5
178.1,0.59,0.5
178.15,0.59,0.5
178.2,0.59,0.5
178.25,0.59,0.5
178.3,0.58,0.5
178.35,0.56,0.5
178.4,0.56,0.5
178.45,0.54,0.5
178.5,0.52,0.5
178.55,0.51,0.5
178.6,0.51,0.5
178.65,0.51,0.5
178.7,0.49,0.5
178.75,0.48,0.5
178.8,0.47,0.5
178.85,0.45,0.5
178.9,0.44,0.5
178.95,0.44,0.5
179,0.44,0.5
179.05,0.44,0.5
179.1,0.44,0.5
179.15,0.44,0.5
179.2,0.44,0.5
179.25,0.44,0.5
179.3,0.44,0.5
179.35,0.44,0.5
179.4,0.44,0.5
179.45,0.44,0.5
179.5,0.44,0.5
179.55,0.44,0.5
179.6,0.44,0.5
179.65,0.44,0.5
179.7,0.44,0.5
179.75,0.44,0.5
179.8,0.44,0.5
179.85,0.44,0.5
179.9,0.44,0.5
179.95,0.44,0.5
180,0.44,0.5
180.05,0.44,0.5
180.1,0.44,0.5
180.15,0.44,0.5
180.2,0.44,0.5
180.25,0.44,0.5
180.3,0.44,0.5
180.35,0.44,0.5
180.4,0.44,0.5
180.45,0.44,0.5
180.5,0.44,0.5
180.55,0.44,0.5
180.6,0.44,0.5
180.65,0.45,0.5
180.7,0.45,0.5
180.75,0.45,0.5
180.8,0.45,0.5
180.85,0.45,0.5
180.9,0.47,0.5
180.95,0.47,0.5
181,0.47,0.5
181.05,0.47,0.5
181.1,0.47,0.5
181.15,0.47,0.5
181.2,0.45,0.5
181.25,0.45,0.5
181.3,0.44,0.5
181.35,0.44,0.5
181.4,0.44,0.5
181.45,0.43,0.5
181.5,0.43,0.5
181.55,0.43,0.5
181.6,0.43,0.5
181.65,0.43,0.5
181.7,0.43,0.5
181.75,0.43,0.5
181.8,0.43,0.5
181.85,0.43,0.5
181.9,0.44,0.5
181.95,0.44,0.5
182,0.44,0.5
182.05,0.44,0.5
182.1,0.45,0.5
182.15,0.47,0.5
182.2,0.47,0.5
182.25,0.47,0.5
182.3,0.48,0.5
182.35,0.48,0.5
182.4,0.48,0.5
182.45,0.49,0.5
182.5,0.49,0.5
182.55,0.49,0.5
182.6,0.49,0.5
182.65,0.48,0.5
182.7,0.48,0.5
182.75,0.48,0.5
182.8,0.47,0.5
182.85,0.45,0.5
182.9,0.45,0.5
182.95,0.45,0.5
183,0.45,0.5
183.05,0.45,0.5
183.1,0.45,0.5
183.15,0.47,0.5
183.2,0.47,0.5
183.25,0.47,0.5
183.3,0.48,0.5
183.35,0.51,0.5
183.4,0.54,0.5
183.45,0.56,0.5
183.5,0.62,0.5
183.55,0.64,0.5
183.6,0.67,0.5
183.65,0.67,0.5
183.7,0.67,0.5
183.75,0.67,0.5
183.8,0.67,0.5
183.85,0.67,0.5
183.9,0.66,0.5
183.95,0.64,0.5
184,0.64,0.5
184.05,0.64,0.5
184.1,0.62,0.5
184.15,0.58,0.5
184.2,0.58,0.5
184.25,0.58,0.5
184.3,0.56,0.5
184.35,0.56,0.5
184.4,0.55,0.5
184.45,0.52,0.5
184.5,0.51,0.5
184.55,0.49,0.5
184.6,0.45,0.5
184.65,0.44,0.5
184.7,0.44,0.5
184.75,0.44,0.5
184.8,0.44,0.5
184.85,0.44,0.5
184.9,0.44,0.5
184.95,0.44,0.5
185,0.44,0.5
185.05,0.44,0.5
185.1,0.44,0.5
185.15,0.45,0.5
185.2,0.45,0.5
185.25,0.45,0.5
185.3,0.45,0.5
185.35,0.45,0.5
185.4,0.47,0.5
185.45,0.47,0.5
185.5,0.47,0.5
185.55,0.47,0.5
185.6,0.47,0.5
185.65,0.48,0.5
185.7,0.49,0.5
185.75,0.49,0.5
185.8,0.51,0.5
185.85,0.51,0.5
185.9,0.52,0.5
185.95,0.52,0.5
186,0.52,0.5
186.05,0.54,0.5
186.1,0.54,0.5
186.15,0.54,0.5
186.2,0.54,0.5
186.25,0.54,0.5
186.3,0.52,0.2
186.35,0.52,0.2
186.4,0.52,0.2
186.45,0.51,0.2
186.5,0.51,0.2
186.55,0.51,0.2
186.6,0.48,0.2
186.65,0.44,0.2
186.7,0.44,0.2
186.75,0.44,0.2
186.8,0.44,0.2
186.85,0.44,0.2
186.9,0.44,0.2
186.95,0.44,0.2
187,0.44,0.2
187.05,0.44,0.2
187.1,0.44,0.2
187.15,0.44,0.2
187.2,0.3,0.2
187.25,0.23,0.2
187.3,0.22,0.2
187.35,0.22,0.2
187.4,0.22,0.2
187.45,0.22,0.2
187.5,0.22,0.2
187.55,0.22,0.2
187.6,0.22,0.2
187.65,0.22,0.2
187.7,0.22,0.2
187.75,0.22,0.2
187.8,0.22,0.2
187.85,0.22,0.2
187.9,0.22,0.2
187.95,0.22,0.2
188,0.22,0.2
188.05,0.22,0.2
188.1,0.22,0.2
188.15,0.22,0.2
188.2,0.22,0.2
188.25,0.22,0.2
188.3,0.22,0.2
188.35,0.22,0.2
188.4,0.22,0.2
188.45,0.22,0.2
188.5,0.22,0.2
188.55,0.22,0.2
188.6,0.22,0.2
188.65,0.22,0.2
188.7,0.22,0.2
188.75,0.22,0.2
188.8,0.22,0.2
188.85,0.22,0.2
188.9,0.23,0.2
188.95,0.23,0.2
189,0.23,0.2
189.05,0.23,0.2
189.1,0.23,0.2
189.15,0.23,0.2
189.2,0.23,0.2
189.25,0.23,0.2
189.3,0.23,0.2
189.35,0.23,0.2
189.4,0.23,0.2
189.45,0.23,0.2
189.5,0.23,0.2
189.55,0.23,0.2
189.6,0.23,0.2
189.65,0.23,0.2
189.7,0.23,0.2
189.75,0.23,0.2
189.8,0.23,0.2
189.85,0.23,0.2
189.9,0.23,0.2
189.95,0.22,0.2
190,0.22,0.2
190.05,0.22,0.2
190.1,0.22,0.2
190.15,0.22,0.2
190.2,0.22,0.2
190.25,0.22,0.2
190.3,0.22,0.2
190.35,0.22,0.2
190.4,0.22,0.2
190.45,0.22,0.2
190.5,0.22,0.2
190.55,0.22,0.2
190.6,0.22,0.2
190.65,0.22,0.2
190.7,0.22,0.2
190.75,0.23,0.2
190.8,0.22,0.2
190.85,0.22,0.2
190.9,0.22,0.2
190.95,0.23,0.2
191,0.23,0.2
191.05,0.23,0.2
191.1,0.23,0.2
191.15,0.23,0.2
191.2,0.23,0.2
191.25,0.23,0.2
191.3,0.23,0.2
191.35,0.23,0.2
191.4,0.23,0.2
191.45,0.22,0.2
191.5,0.22,0.2
191.55,0.22,0.2
191.6,0.22,0.2
191.65,0.22,0.2
191.7,0.22,0.2
191.75,0.22,0.2
191.8,0.22,0.2
191.85,0.22,0.2
191.9,0.22,0.2
191.95,0.22,0.2
192,0.23,0.2
192.05,0.23,0.2
192.1,0.23,0.2
192.15,0.23,0.2
192.2,0.23,0.2
192.25,0.23,0.2
192.3,0.23,0.2
192.35,0.22,0.2
192.4,0.22,0.2
192.45,0.22,0.2
192.5,0.22,0.2
192.55,0.22,0.2
192.6,0.22,0.2
192.65,0.22,0.2
192.7,0.22,0.2
192.75,0.22,0.2
192.8,0.22,0.2
192.85,0.22,0.2
192.9,0.22,0.2
192.95,0.22,0.2
193,0.22,0.2
193.05,0.23,0.2
193.1,0.23,0.2
193.15,0.22,0.2
193.2,0.22,0.2
193.25,0.22,0.2
193.3,0.22,0.2
193.35,0.22,0.2
193.4,0.22,0.2
193.45,0.22,0.2
193.5,0.23,0.2
193.55,0.22,0.2
193.6,0.22,0.2
193.65,0.22,0.2
193.7,0.22,0.2
193.75,0.22,0.2
193.8,0.22,0.2
193.85,0.22,0.2
193.9,0.23,0.2
193.95,0.22,0.2
194,0.22,0.2
194.05,0.22,0.2
194.1,0.22,0.2
194.15,0.22,0.2
194.2,0.22,0.2
194.25,0.22,0.2
194.3,0.22,0.2
194.35,0.22,0.2
194.4,0.22,0.2
194.45,0.22,0.2
194.5,0.23,0.2
194.55,0.23,0.2
194.6,0.23,0.2
194.65,0.23,0.2
194.7,0.23,0.2
194.75,0.23,0.2
194.8,0.22,0.2
194.85,0.22,0.2
194.9,0.23,0.2
194.95,0.22,0.2
195,0.22,0.2
195.05,0.22,0.2
195.1,0.22,0.2
195.15,0.22,0.2
195.2,0.22,0.2
195.25,0.22,0.2
195.3,0.22,0.2
195.35,0.22,0.2
195.4,0.22,0.2
195.45,0.22,0.2
195.5,0.22,0.2
195.55,0.22,0.2
195.6,0.23,0.2
195.65,0.23,0.2
195.7,0.23,0.2
195.75,0.22,0.2
195.8,0.22,0.2
195.85,0.22,0.2
195.9,0.22,0.2
195.95,0.22,0.2
196,0.22,0.2
196.05,0.22,0.2
196.1,0.22,0.2
196.15,0.22,0.2
196.2,0.22,0.2
196.25,0.22,0.2
196.3,0.22,0.2
196.35,0.22,0.2
196.4,0.22,0.2
196.45,0.22,0.2
196.5,0.22,0.2
196.55,0.22,0.2
196.6,0.22,0.2
196.65,0.22,0.2
196.7,0.22,0.2
196.75,0.22,0.2
196.8,0.22,0.2
196.85,0.22,0.2
196.9,0.22,0.2
196.95,0.22,0.2
197,0.22,0.2
197.05,0.22,0.2
197.1,0.22,0.2
197.15,0.23,0.2
197.2,0.22,0.2
197.25,0.22,0.2
197.3,0.22,0.2
197.35,0.22,0.2
197.4,0.22,0.2
197.45,0.22,0.2
197.5,0.22,0.2
197.55,0.22,0.2
197.6,0.22,0.2
197.65,0.22,0.2
197.7,0.22,0.2
197.75,0.22,0.2
197.8,0.22,0.2
197.85,0.22,0.2
197.9,0.22,0.2
197.95,0.22,0.2
198,0.22,0.2
198.05,0.22,0.2
198.1,0.22,0.2
198.15,0.22,0.2
198.2,0.22,0.2
198.25,0.22,0.2
198.3,0.22,0.2
198.35,0.22,0.2
198.4,0.22,0.2
198.45,0.22,0.2
198.5,0.22,0.2
198.55,0.22,0.2
198.6,0.22,0.2
198.65,0.22,0.2
198.7,0.22,0.2
198.75,0.22,0.2
198.8,0.22,0.2
198.85,0.22,0.2
198.9,0.22,0.2
198.95,0.22,0.2
199,0.22,0.2
199.05,0.22,0.2
199.1,0.22,0.2
199.15,0.23,0.2
199.2,0.22,0.2
199.25,0.22,0.2
199.3,0.22,0.2
199.35,0.23,0.2
199.4,0.22,0.2
199.45,0.22,0.2
199.5,0.22,0.2
199.55,0.22,0.2
199.6,0.22,0.2
199.65,0.22,0.2
199.7,0.22,0.2
199.75,0.22,0.2
199.8,0.22,0.2
199.85,0.22,0.2
199.9,0.22,0.2
199.95,0.22,0.2
200,0.23,0.2
200.05,0.22,0.2
200.1,0.23,0.2
200.15,0.23,0.2
200.2,0.22,0.2
200.25,0.23,0.2
200.3,0.22,0.2
200.35,0.22,0.2
200.4,0.22,0.2
200.45,0.22,0.2
200.5,0.22,0.2
200.55,0.22,0.2
200.6,0.22,0.2
200.65,0.22,0.2
200.7,0.22,0.2
200.75,0.22,0.2
200.8,0.22,0.2
200.85,0.22,0.2
200.9,0.22,0.2
200.95,0.22,0.2
201,0.22,0.2
201.05,0.23,0.2
201.1,0.23,0.2
201.15,0.22,0.2
201.2,0.23,0.2
201.25,0.23,0.2
201.3,0.23,0.2
201.35,0.23,0.2
201.4,0.23,0.2
201.45,0.23,0.2
201.5,0.23,0.2
201.55,0.23,0.2
201.6,0.23,0.2
201.65,0.23,0.2
201.7,0.23,0.2
201.75,0.23,0.2
201.8,0.23,0.2
201.85,0.23,0.2
201.9,0.23,0.2
201.95,0.23,0.2
202,0.23,0.2
202.05,0.23,0.2
202.1,0.23,0.2
202.15,0.23,0.2
202.2,0.23,0.2
202.25,0.22,0.2
202.3,0.22,0.2
202.35,0.22,0.2
202.4,0.22,0.2
202.45,0.22,0.2
202.5,0.22,0.2
202.55,0.22,0.2
202.6,0.22,0.2
202.65,0.22,0.2
202.7,0.22,0.2
202.75,0.22,0.2
202.8,0.22,0.2
202.85,0.23,0.2
202.9,0.23,0.2
202.95,0.23,0.2
203,0.23,0.2
203.05,0.23,0.2
203.1,0.23,0.2
203.15,0.23,0.2
203.2,0.23,0.2
203.25,0.23,0.2
203.3,0.23,0.2
203.35,0.23,0.2
203.4,0.22,0.2
203.45,0.22,0.2
203.5,0.22,0.2
203.55,0.22,0.2
203.6,0.22,0.2
203.65,0.22,0.2
203.7,0.22,0.2
203.75,0.22,0.2
203.8,0.22,0.2
203.85,0.22,0.2
203.9,0.22,0.2
203.95,0.22,0.2
204,0.23,0.2
204.05,0.23,0.2
204.1,0.23,0.2
204.15,0.23,0.2
204.2,0.23,0.2
204.25,0.23,0.2
204.3,0.23,0.2
204.35,0.23,0.2
204.4,0.23,0.2
204.45,0.23,0.2
204.5,0.23,0.2
204.55,0.23,0.2
204.6,0.23,0.2
204.65,0.23,0.2
204.7,0.23,0.2
204.75,0.23,0.2
204.8,0.23,0.2
204.85,0.23,0.2
204.9,0.23,0.2
204.95,0.23,0.2
205,0.23,0.2
205.05,0.23,0.2
205.1,0.23,0.2
205.15,0.22,0.2
205.2,0.22,0.2
205.25,0.22,0.2
205.3,0.22,0.2
205.35,0.22,0.2
205.4,0.22,0.2
205.45,0.22,0.2
205.5,0.22,0.2
205.55,0.22,0.2
205.6,0.22,0.2
205.65,0.22,0.2
205.7,0.22,0.2
205.75,0.23,0.2
205.8,0.23,0.2
205.85,0.23,0.2
205.9,0.23,0.2
205.95,0.23,0.2
206,0.23,0.2
206.05,0.23,0.2
206.1,0.23,0.2
206.15,0.23,0.2
206.2,0.23,0.2
206.25,0.23,0.2
206.3,0.23,0.2
206.35,0.23,0.2
206.4,0.23,0.2
206.45,0.23,0.2
206.5,0.23,0.2
206.55,0.23,0.2
206.6,0.22,0.2
206.65,0.22,0.2
206.7,0.22,0.2
206.75,0.22,0.2
206.8,0.22,0.2
206.85,0.22,0.2
206.9,0.22,0.2
206.95,0.22,0.2
207,0.22,0.2
207.05,0.22,0.2
207.1,0.22,0.2
207.15,0.22,0.2
207.2,0.22,0.2
207.25,0.22,0.2
207.3,0.22,0.2
207.35,0.22,0.2
207.4,0.22,0.2
207.45,0.22,0.2
207.5,0.22,0.2
207.55,0.22,0.2
207.6,0.22,0.2
207.65,0.22,0.2
207.7,0.22,0.2
207.75,0.22,0.2
207.8,0.23,0.2
207.85,0.23,0.2
207.9,0.23,0.2
207.95,0.23,0.2
208,0.23,0.2
208.05,0.23,0.2
208.1,0.23,0.2
208.15,0.23,0.2
208.2,0.23,0.2
208.25,0.22,0.2
208.3,0.22,0.2
208.35,0.22,0.2
208.4,0.22,0.2
208.45,0.22,0.2
208.5,0.22,0.2
208.55,0.22,0.2
208.6,0.22,0.2
208.65,0.22,0.2
208.7,0.22,0.2
208.75,0.22,0.2
208.8,0.22,0.2
208.85,0.22,0.2
208.9,0.23,0.2
208.95,0.23,0.2
209,0.23,0.2
209.05,0.23,0.2
209.1,0.23,0.2
209.15,0.23,0.2
209.2,0.23,0.2
209.25,0.23,0.2
209.3,0.23,0.2
209.35,0.23,0.2
209.4,0.23,0.2
209.45,0.23,0.2
209.5,0.23,0.2
209.55,0.23,0.2
209.6,0.23,0.2
209.65,0.23,0.2
209.7,0.22,0.2
209.75,0.22,0.2
209.8,0.22,0.2
209.85,0.22,0.2
209.9,0.22,0.2
209.95,0.22,0.2
210,0.22,0.2
210.05,0.22,0.2
210.1,0.22,0.2
210.15,0.22,0.2
210.2,0.22,0.2
210.25,0.22,0.2
210.3,0.22,0.2
210.35,0.22,0.2
210.4,0.22,0.2
210.45,0.22,0.2
210.5,0.22,0.2
210.55,0.22,0.2
210.6,0.22,0.2
210.65,0.22,0.2
210.7,0.23,0.2
210.75,0.23,0.2
210.8,0.22,0.2
210.85,0.22,0.2
210.9,0.22,0.2
210.95,0.22,0.2
211,0.23,0.2
211.05,0.23,0.2
211.1,0.23,0.2
211.15,0.22,0.2
211.2,0.22,0.2
211.25,0.22,0.2
211.3,0.22,0.2
211.35,0.22,0.2
211.4,0.22,0.2
211.45,0.22,0.2
211.5,0.22,0.2
211.55,0.22,0.2
211.6,0.22,0.2
211.65,0.22,0.2
211.7,0.22,0.2
211.75,0.22,0.2
211.8,0.22,0.2
211.85,0.22,0.2
211.9,0.22,0.2
211.95,0.22,0.2
212,0.22,0.2
212.05,0.22,0.2
212.1,0.22,0.2
212.15,0.22,0.2
212.2,0.22,0.2
212.25,0.22,0.2
212.3,0.22,0.2
212.35,0.22,0.2
212.4,0.22,0.2
212.45,0.23,0.2
212.5,0.23,0.2
212.55,0.23,0.2
212.6,0.23,0.2
212.65,0.23,0.2
212.7,0.23,0.2
212.75,0.22,0.2
212.8,0.22,0.2
212.85,0.22,0.2
212.9,0.22,0.2
212.95,0.22,0.2
213,0.22,0.2
213.05,0.22,0.2
213.1,0.22,0.2
213.15,0.22,0.2
213.2,0.22,0.2
213.25,0.22,0.2
213.3,0.22,0.2
213.35,0.22,0.2
213.4,0.23,0.2
213.45,0.23,0.2
213.5,0.23,0.2
213.55,0.23,0.2
213.6,0.23,0.2
213.65,0.23,0.2
213.7,0.23,0.2
213.75,0.22,0.2
213.8,0.22,0.2
213.85,0.22,0.2
213.9,0.22,0.2
213.95,0.22,0.2
214,0.22,0.2
214.05,0.22,0.2
214.1,0.22,0.2
214.15,0.22,0.2
214.2,0.22,0.2
214.25,0.22,0.2
214.3,0.22,0.2
214.35,0.22,0.2
214.4,0.22,0.2
214.45,0.22,0.2
214.5,0.22,0.2
214.55,0.22,0.2
214.6,0.22,0.2
214.65,0.22,0.2
214.7,0.22,0.2
214.75,0.22,0.2
214.8,0.22,0.2
214.85,0.22,0.2
214.9,0.22,0.2
214.95,0.23,0.2
215,0.23,0.2
215.05,0.22,0.2
215.1,0.22,0.2
215.15,0.22,0.2
215.2,0.22,0.2
215.25,0.23,0.2
215.3,0.23,0.2
215.35,0.23,0.2
215.4,0.23,0.2
215.45,0.23,0.2
215.5,0.22,0.2
215.55,0.22,0.2
215.6,0.22,0.2
215.65,0.22,0.2
215.7,0.22,0.2
215.75,0.22,0.2
215.8,0.22,0.2
215.85,0.22,0.2
215.9,0.22,0.2
215.95,0.22,0.2
216,0.22,0.2
