Time - Measured Velocity,Spool Rev/Sec - Measured Velocity,Time - Measured Diameter,Diameter (mm) - Measured Diameter,Time - Target Velocity,Spool Rev/Sec - Target Velocity,Time - Predicted Diameter,Diameter (mm) - Predicted Diameter,Time - Temperature,Diameter (mm) - Temperature,Time - Stage Direction,Spool Rev/Sec - Stage Direction
6081,1.03333,6081,0.354929,6081,1,6081,0.317624,6081,94.928,6081,1
6082,1.06667,6082,0.354929,6082,1,6082,0.317624,6082,94.928,6082,1
6083,1.03333,6083,0.354929,6083,1,6083,0.317624,6083,94.928,6083,1
6084,1.03333,6084,0.3686,6084,1,6084,0.317624,6084,94.928,6084,1
6085,0.966667,6085,0.38227,6085,1,6085,0.317624,6085,94.928,6085,1
6086,0.966667,6086,0.38227,6086,1,6086,0.317624,6086,94.928,6086,1
6087,1,6087,0.38227,6087,1,6087,0.317624,6087,94.928,6087,1
6088,1.03333,6088,0.38227,6088,1,6088,0.317624,6088,94.928,6088,1
6089,1.03333,6089,0.38227,6089,1,6089,0.317624,6089,94.928,6089,1
6090,1,6090,0.38227,6090,1,6090,0.317624,6090,94.928,6090,1
6091,1.03333,6091,0.38227,6091,1,6091,0.317624,6091,94.928,6091,1
6092,1,6092,0.38227,6092,1,6092,0.317624,6092,94.928,6092,1
6093,1,6093,0.38227,6093,1,6093,0.317624,6093,94.928,6093,1
6094,0.966667,6094,0.38227,6094,1,6094,0.317624,6094,94.928,6094,1
6095,0.9,6095,0.38227,6095,1,6095,0.317624,6095,94.928,6095,1
6096,0.9,6096,0.354929,6096,1,6096,0.317624,6096,94.928,6096,1
6097,0.933333,6097,0.354929,6097,1,6097,0.317624,6097,94.928,6097,1
6098,0.966667,6098,0.354929,6098,1,6098,0.317624,6098,94.928,6098,1
6099,1,6099,0.341259,6099,1,6099,0.317624,6099,94.928,6099,1
6100,1.03333,6100,0.341259,6100,1,6100,0.317624,6100,94.928,6100,1
6101,1.03333,6101,0.327588,6101,1,6101,0.317624,6101,94.928,6101,1
6102,1.03333,6102,0.327588,6102,1,6102,0.317624,6102,94.928,6102,1
6103,1,6103,0.300248,6103,1,6103,0.317624,6103,94.928,6103,1
6104,1,6104,0.300248,6104,1,6104,0.317624,6104,94.928,6104,1
6105,1,6105,0.300248,6105,1,6105,0.317624,6105,94.928,6105,1
6106,1.03333,6106,0.300248,6106,1,6106,0.317624,6106,94.928,6106,1
6107,1.03333,6107,0.286577,6107,1,6107,0.317624,6107,94.928,6107,1
6108,1.06667,6108,0.286577,6108,1,6108,0.317624,6108,94.928,6108,1
6109,1.06667,6109,0.286577,6109,1,6109,0.317624,6109,94.928,6109,1
6110,1.03333,6110,0.286577,6110,1,6110,0.317624,6110,94.928,6110,1
6111,1.03333,6111,0.286577,6111,1,6111,0.317624,6111,94.928,6111,1
6112,1.03333,6112,0.286577,6112,1,6112,0.317624,6112,94.928,6112,1
6113,0.933333,6113,0.286577,6113,1,6113,0.317624,6113,94.928,6113,1
6114,0.933333,6114,0.313918,6114,1,6114,0.317624,6114,94.928,6114,1
6115,0.9,6115,0.354929,6115,1,6115,0.317624,6115,94.928,6115,1
6116,0.866667,6116,0.395941,6116,1,6116,0.317624,6116,94.928,6116,1
6117,0.933333,6117,0.395941,6117,1,6117,0.317624,6117,94.928,6117,1
6118,1,6118,0.409611,6118,1,6118,0.317624,6118,94.928,6118,1
6119,1.03333,6119,0.409611,6119,1,6119,0.317624,6119,94.928,6119,1
6120,1.06667,6120,0.409611,6120,1,6120,0.317624,6120,94.928,6120,1
6121,1.06667,6121,0.409611,6121,1,6121,0.317624,6121,94.928,6121,1
6122,1,6122,0.409611,6122,1,6122,0.317624,6122,94.928,6122,1
6123,1,6123,0.395941,6123,1,6123,0.317624,6123,94.928,6123,1
6124,1,6124,0.395941,6124,1,6124,0.317624,6124,94.928,6124,1
6125,1.03333,6125,0.354929,6125,1,6125,0.317624,6125,94.928,6125,1
6126,1.03333,6126,0.327588,6126,1,6126,0.317624,6126,94.928,6126,1
6127,1.06667,6127,0.313918,6127,1,6127,0.317624,6127,94.928,6127,1
6128,1.1,6128,0.313918,6128,1,6128,0.317624,6128,94.928,6128,1
6129,1.06667,6129,0.313918,6129,1,6129,0.317624,6129,94.928,6129,1
6130,1.06667,6130,0.313918,6130,1,6130,0.317624,6130,94.928,6130,1
6131,1.03333,6131,0.313918,6131,1,6131,0.317624,6131,94.928,6131,1
6132,1,6132,0.313918,6132,1,6132,0.317624,6132,94.928,6132,1
6133,0.966667,6133,0.327588,6133,1,6133,0.317624,6133,94.928,6133,1
6134,0.933333,6134,0.3686,6134,1,6134,0.317624,6134,94.928,6134,1
6135,0.933333,6135,0.3686,6135,1,6135,0.317624,6135,94.928,6135,1
6136,0.966667,6136,0.3686,6136,1,6136,0.317624,6136,94.928,6136,1
6137,1,6137,0.3686,6137,1,6137,0.317624,6137,94.928,6137,1
6138,1.03333,6138,0.3686,6138,1,6138,0.317624,6138,94.928,6138,1
6139,1.03333,6139,0.3686,6139,1,6139,0.317624,6139,94.928,6139,1
6140,1,6140,0.3686,6140,1,6140,0.317624,6140,94.928,6140,1
6141,0.966667,6141,0.3686,6141,1,6141,0.317624,6141,94.928,6141,1
6142,0.933333,6142,0.3686,6142,1,6142,0.317624,6142,94.928,6142,1
6143,1,6143,0.354929,6143,1,6143,0.317624,6143,94.928,6143,1
6144,1,6144,0.354929,6144,1,6144,0.317624,6144,94.928,6144,1
6145,1,6145,0.354929,6145,1,6145,0.317624,6145,94.928,6145,1
6146,1.03333,6146,0.354929,6146,1,6146,0.317624,6146,94.928,6146,1
6147,1.03333,6147,0.354929,6147,1,6147,0.317624,6147,94.4892,6147,1
6148,1.06667,6148,0.341259,6148,1,6148,0.317624,6148,94.4892,6148,1
6149,1.03333,6149,0.327588,6149,1,6149,0.317624,6149,94.4892,6149,1
6150,1,6150,0.327588,6150,1,6150,0.317624,6150,94.4892,6150,1
6151,0.966667,6151,0.327588,6151,1,6151,0.317624,6151,94.928,6151,1
6152,0.966667,6152,0.327588,6152,1,6152,0.317624,6152,94.928,6152,1
6153,0.933333,6153,0.354929,6153,1,6153,0.317624,6153,94.928,6153,1
6154,0.966667,6154,0.3686,6154,1,6154,0.317624,6154,94.928,6154,1
6155,1,6155,0.3686,6155,1,6155,0.317624,6155,94.928,6155,1
6156,1,6156,0.3686,6156,1,6156,0.317624,6156,94.928,6156,1
6157,1.03333,6157,0.3686,6157,1,6157,0.317624,6157,94.928,6157,1
6158,1.03333,6158,0.3686,6158,1,6158,0.317624,6158,94.928,6158,1
6159,1.03333,6159,0.3686,6159,1,6159,0.317624,6159,94.928,6159,1
6160,1,6160,0.3686,6160,1,6160,0.317624,6160,94.928,6160,1
6161,1,6161,0.3686,6161,1,6161,0.317624,6161,94.928,6161,1
6162,1,6162,0.354929,6162,1,6162,0.317624,6162,94.928,6162,1
6163,1.03333,6163,0.354929,6163,1,6163,0.317624,6163,94.928,6163,1
6164,1.03333,6164,0.354929,6164,1,6164,0.317624,6164,94.928,6164,1
6165,1,6165,0.354929,6165,1,6165,0.317624,6165,94.928,6165,1
6166,1,6166,0.341259,6166,1,6166,0.317624,6166,94.928,6166,1
6167,1.03333,6167,0.341259,6167,1,6167,0.317624,6167,94.928,6167,1
6168,1.03333,6168,0.327588,6168,1,6168,0.317624,6168,94.928,6168,1
6169,1,6169,0.327588,6169,1,6169,0.317624,6169,94.928,6169,1
6170,0.966667,6170,0.327588,6170,1,6170,0.317624,6170,94.928,6170,1
6171,0.933333,6171,0.341259,6171,1,6171,0.317624,6171,94.928,6171,1
6172,0.933333,6172,0.327588,6172,1,6172,0.317624,6172,94.928,6172,1
6173,0.966667,6173,0.327588,6173,1,6173,0.317624,6173,94.928,6173,1
6174,1.03333,6174,0.341259,6174,1,6174,0.317624,6174,94.928,6174,1
6175,1.03333,6175,0.3686,6175,1,6175,0.317624,6175,94.928,6175,1
6176,1.06667,6176,0.3686,6176,1,6176,0.317624,6176,94.928,6176,1
6177,1.03333,6177,0.3686,6177,1,6177,0.317624,6177,94.928,6177,1
6178,1,6178,0.38227,6178,1,6178,0.317624,6178,94.928,6178,1
6179,1.03333,6179,0.395941,6179,1,6179,0.317624,6179,94.928,6179,1
6180,1,6180,0.395941,6180,1,6180,0.317624,6180,94.928,6180,1
6181,1.03333,6181,0.395941,6181,1,6181,0.317624,6181,94.928,6181,1
6182,1.03333,6182,0.395941,6182,1,6182,0.317624,6182,94.928,6182,1
6183,1.06667,6183,0.395941,6183,1,6183,0.317624,6183,94.928,6183,1
6184,1.06667,6184,0.395941,6184,1,6184,0.317624,6184,94.928,6184,1
6185,1.03333,6185,0.38227,6185,1,6185,0.317624,6185,95.3671,6185,1
6186,1,6186,0.341259,6186,1,6186,0.317624,6186,95.3671,6186,0
6187,1.03333,6187,0.313918,6187,1,6187,0.317624,6187,95.3671,6187,0
6188,1,6188,0.300248,6188,1,6188,0.317624,6188,95.3671,6188,0
6189,1,6189,0.300248,6189,1,6189,0.317624,6189,95.3671,6189,0
6190,0.966667,6190,0.300248,6190,1,6190,0.317624,6190,95.3671,6190,0
6191,0.966667,6191,0.286577,6191,1,6191,0.317624,6191,95.3671,6191,0
6192,1,6192,0.272907,6192,1,6192,0.317624,6192,95.3671,6192,0
6193,1,6193,0.272907,6193,1,6193,0.317624,6193,94.928,6193,0
6194,1.03333,6194,0.272907,6194,1,6194,0.317624,6194,94.928,6194,0
6195,0.966667,6195,0.272907,6195,1,6195,0.317624,6195,94.928,6195,0
6196,1,6196,0.286577,6196,1,6196,0.317624,6196,94.928,6196,0
6197,1,6197,0.286577,6197,1,6197,0.317624,6197,94.928,6197,0
6198,0.966667,6198,0.286577,6198,1,6198,0.317624,6198,94.928,6198,0
6199,0.966667,6199,0.300248,6199,1,6199,0.317624,6199,94.928,6199,0
6200,1,6200,0.300248,6200,1,6200,0.317624,6200,94.928,6200,0
6201,1.03333,6201,0.313918,6201,1,6201,0.317624,6201,94.928,6201,0
6202,1.06667,6202,0.327588,6202,1,6202,0.317624,6202,94.928,6202,0
6203,1.06667,6203,0.354929,6203,1,6203,0.317624,6203,94.928,6203,0
6204,1.03333,6204,0.354929,6204,1,6204,0.317624,6204,94.928,6204,0
6205,1.03333,6205,0.38227,6205,1,6205,0.317624,6205,94.928,6205,0
6206,1.03333,6206,0.38227,6206,1,6206,0.317624,6206,94.928,6206,0
6207,1,6207,0.38227,6207,1,6207,0.317624,6207,94.4892,6207,0
6208,0.966667,6208,0.38227,6208,1,6208,0.317624,6208,94.4892,6208,0
6209,1,6209,0.38227,6209,1,6209,0.317624,6209,94.4892,6209,0
6210,1,6210,0.38227,6210,1,6210,0.317624,6210,94.4892,6210,0
6211,1,6211,0.38227,6211,1,6211,0.317624,6211,94.4892,6211,0
6212,1,6212,0.3686,6212,1,6212,0.317624,6212,94.4892,6212,0
6213,1.03333,6213,0.341259,6213,1,6213,0.317624,6213,94.928,6213,0
6214,0.966667,6214,0.313918,6214,1,6214,0.317624,6214,94.4892,6214,0
6215,0.966667,6215,0.313918,6215,1,6215,0.317624,6215,94.4892,6215,0
6216,0.933333,6216,0.313918,6216,1,6216,0.317624,6216,94.4892,6216,0
6217,0.933333,6217,0.313918,6217,1,6217,0.317624,6217,94.928,6217,0
6218,0.966667,6218,0.313918,6218,1,6218,0.317624,6218,94.928,6218,0
6219,1,6219,0.313918,6219,1,6219,0.317624,6219,94.928,6219,0
6220,1,6220,0.313918,6220,1,6220,0.317624,6220,94.4892,6220,0
6221,1,6221,0.313918,6221,1,6221,0.317624,6221,94.4892,6221,0
6222,1.03333,6222,0.327588,6222,1,6222,0.317624,6222,94.4892,6222,0
6223,1.06667,6223,0.341259,6223,1,6223,0.317624,6223,94.4892,6223,0
6224,1.03333,6224,0.354929,6224,1,6224,0.317624,6224,94.4892,6224,0
6225,1,6225,0.354929,6225,1,6225,0.317624,6225,94.4892,6225,0
6226,0.966667,6226,0.354929,6226,1,6226,0.317624,6226,94.4892,6226,0
6227,0.966667,6227,0.354929,6227,1,6227,0.317624,6227,94.928,6227,0
6228,0.933333,6228,0.354929,6228,1,6228,0.317624,6228,94.928,6228,0
6229,1,6229,0.354929,6229,1,6229,0.317624,6229,94.928,6229,0
6230,1.03333,6230,0.354929,6230,1,6230,0.317624,6230,94.928,6230,0
6231,1.03333,6231,0.354929,6231,1,6231,0.317624,6231,94.928,6231,0
6232,1.03333,6232,0.354929,6232,1,6232,0.317624,6232,94.928,6232,0
6233,1.03333,6233,0.354929,6233,1,6233,0.317624,6233,94.928,6233,0
6234,1,6234,0.354929,6234,1,6234,0.317624,6234,94.928,6234,0
6235,0.933333,6235,0.354929,6235,1,6235,0.317624,6235,94.928,6235,0
6236,0.933333,6236,0.3686,6236,1,6236,0.317624,6236,94.928,6236,0
6237,0.966667,6237,0.3686,6237,1,6237,0.317624,6237,94.928,6237,0
6238,1,6238,0.3686,6238,1,6238,0.317624,6238,94.928,6238,0
6239,1.03333,6239,0.3686,6239,1,6239,0.317624,6239,94.928,6239,0
6240,1.06667,6240,0.3686,6240,1,6240,0.317624,6240,94.928,6240,0
6241,1.03333,6241,0.354929,6241,1,6241,0.317624,6241,94.928,6241,0
6242,1.03333,6242,0.38227,6242,1,6242,0.317624,6242,94.928,6242,0
6243,1.03333,6243,0.38227,6243,1,6243,0.317624,6243,94.928,6243,0
6244,0.966667,6244,0.3686,6244,1,6244,0.317624,6244,94.928,6244,0
6245,0.933333,6245,0.3686,6245,1,6245,0.317624,6245,94.928,6245,0
6246,0.9,6246,0.3686,6246,1,6246,0.317624,6246,94.928,6246,0
6247,0.9,6247,0.3686,6247,1,6247,0.317624,6247,94.928,6247,0
6248,0.9,6248,0.3686,6248,1,6248,0.317624,6248,94.928,6248,0
6249,1,6249,0.3686,6249,1,6249,0.317624,6249,94.928,6249,0
6250,1.03333,6250,0.3686,6250,1,6250,0.317624,6250,94.928,6250,0
6251,1.06667,6251,0.38227,6251,1,6251,0.317624,6251,94.928,6251,0
6252,1.06667,6252,0.38227,6252,1,6252,0.317624,6252,94.928,6252,0
6253,1.03333,6253,0.3686,6253,1,6253,0.317624,6253,94.928,6253,0
6254,1,6254,0.3686,6254,1,6254,0.317624,6254,94.928,6254,0
6255,1.03333,6255,0.3686,6255,1,6255,0.317624,6255,94.928,6255,0
6256,1.06667,6256,0.3686,6256,1,6256,0.317624,6256,94.928,6256,0
6257,1.06667,6257,0.327588,6257,1,6257,0.317624,6257,94.928,6257,0
6258,1.1,6258,0.327588,6258,1,6258,0.317624,6258,94.928,6258,0
6259,1.1,6259,0.327588,6259,1,6259,0.317624,6259,94.928,6259,0
6260,1.06667,6260,0.313918,6260,1,6260,0.317624,6260,94.928,6260,0
6261,1.06667,6261,0.313918,6261,1,6261,0.317624,6261,94.928,6261,0
6262,1.03333,6262,0.313918,6262,1,6262,0.317624,6262,94.928,6262,0
6263,1,6263,0.313918,6263,1,6263,0.317624,6263,94.928,6263,0
6264,0.933333,6264,0.313918,6264,1,6264,0.317624,6264,94.928,6264,0
6265,0.9,6265,0.313918,6265,1,6265,0.317624,6265,94.928,6265,0
6266,0.866667,6266,0.313918,6266,1,6266,0.317624,6266,94.928,6266,0
6267,0.933333,6267,0.313918,6267,1,6267,0.317624,6267,94.928,6267,0
6268,0.966667,6268,0.313918,6268,1,6268,0.317624,6268,94.928,6268,0
6269,1.03333,6269,0.313918,6269,1,6269,0.317624,6269,94.928,6269,0
6270,1.03333,6270,0.313918,6270,1,6270,0.317624,6270,94.928,6270,0
6271,1.03333,6271,0.313918,6271,1,6271,0.317624,6271,94.928,6271,0
6272,1,6272,0.313918,6272,1,6272,0.317624,6272,94.928,6272,0
6273,1,6273,0.313918,6273,1,6273,0.317624,6273,94.928,6273,0
6274,1.03333,6274,0.313918,6274,1,6274,0.317624,6274,94.928,6274,0
6275,1.03333,6275,0.300248,6275,1,6275,0.317624,6275,94.928,6275,0
6276,1.03333,6276,0.313918,6276,1,6276,0.317624,6276,94.4892,6276,0
6277,1.06667,6277,0.313918,6277,1,6277,0.317624,6277,94.4892,6277,0
6278,1.06667,6278,0.313918,6278,1,6278,0.317624,6278,94.4892,6278,0
6279,1.06667,6279,0.313918,6279,1,6279,0.317624,6279,94.4892,6279,0
6280,1.06667,6280,0.354929,6280,1,6280,0.317624,6280,94.4892,6280,0
6281,1.03333,6281,0.395941,6281,1,6281,0.317624,6281,94.928,6281,0
6282,1,6282,0.395941,6282,1,6282,0.317624,6282,94.928,6282,0
6283,0.966667,6283,0.395941,6283,1,6283,0.317624,6283,94.928,6283,0
6284,0.933333,6284,0.395941,6284,1,6284,0.317624,6284,94.928,6284,0
6285,0.933333,6285,0.395941,6285,1,6285,0.317624,6285,94.928,6285,0
6286,0.966667,6286,0.395941,6286,1,6286,0.317624,6286,94.928,6286,0
6287,1,6287,0.395941,6287,1,6287,0.317624,6287,94.928,6287,0
6288,1.03333,6288,0.395941,6288,1,6288,0.317624,6288,94.928,6288,0
6289,1,6289,0.395941,6289,1,6289,0.317624,6289,94.928,6289,0
6290,0.966667,6290,0.395941,6290,1,6290,0.317624,6290,94.928,6290,0
6291,0.933333,6291,0.395941,6291,1,6291,0.317624,6291,94.928,6291,0
6292,0.966667,6292,0.395941,6292,1,6292,0.317624,6292,94.928,6292,0
6293,0.966667,6293,0.38227,6293,1,6293,0.317624,6293,94.928,6293,0
6294,1,6294,0.395941,6294,1,6294,0.317624,6294,94.928,6294,0
6295,1.03333,6295,0.395941,6295,1,6295,0.317624,6295,94.928,6295,0
6296,1.03333,6296,0.395941,6296,1,6296,0.317624,6296,94.928,6296,0
6297,1.06667,6297,0.395941,6297,1,6297,0.317624,6297,94.928,6297,0
6298,1.06667,6298,0.409611,6298,1,6298,0.317624,6298,95.3671,6298,0
6299,1.03333,6299,0.409611,6299,1,6299,0.317624,6299,94.928,6299,0
6300,1.03333,6300,0.409611,6300,1,6300,0.317624,6300,94.928,6300,0
6301,1,6301,0.409611,6301,1,6301,0.317624,6301,94.928,6301,0
6302,1,6302,0.409611,6302,1,6302,0.317624,6302,94.928,6302,0
6303,0.966667,6303,0.409611,6303,1,6303,0.317624,6303,94.928,6303,0
6304,0.966667,6304,0.409611,6304,1,6304,0.317624,6304,94.928,6304,0
6305,1,6305,0.409611,6305,1,6305,0.317624,6305,94.928,6305,0
6306,1.03333,6306,0.395941,6306,1,6306,0.317624,6306,94.928,6306,0
6307,1.03333,6307,0.395941,6307,1,6307,0.317624,6307,94.928,6307,0
6308,1.03333,6308,0.3686,6308,1,6308,0.317624,6308,94.928,6308,0
6309,1,6309,0.354929,6309,1,6309,0.317624,6309,94.928,6309,0
6310,1,6310,0.354929,6310,1,6310,0.317624,6310,94.928,6310,0
6311,0.966667,6311,0.354929,6311,1,6311,0.317624,6311,94.928,6311,0
6312,1,6312,0.354929,6312,1,6312,0.317624,6312,94.928,6312,0
6313,1.03333,6313,0.354929,6313,1,6313,0.317624,6313,94.928,6313,0
6314,1.03333,6314,0.354929,6314,1,6314,0.317624,6314,94.928,6314,0
6315,1,6315,0.354929,6315,1,6315,0.317624,6315,94.928,6315,0
6316,1,6316,0.354929,6316,1,6316,0.317624,6316,94.928,6316,0
6317,1.03333,6317,0.3686,6317,1,6317,0.317624,6317,94.928,6317,0
6318,1,6318,0.3686,6318,1,6318,0.317624,6318,94.928,6318,0
6319,0.966667,6319,0.3686,6319,1,6319,0.317624,6319,94.928,6319,0
6320,0.966667,6320,0.3686,6320,1,6320,0.317624,6320,94.928,6320,0
6321,0.966667,6321,0.38227,6321,1,6321,0.317624,6321,94.928,6321,0
6322,1,6322,0.38227,6322,1,6322,0.317624,6322,94.928,6322,0
6323,1,6323,0.38227,6323,1,6323,0.317624,6323,94.928,6323,0
6324,1.03333,6324,0.3686,6324,1,6324,0.317624,6324,94.928,6324,0
6325,1.03333,6325,0.3686,6325,1,6325,0.317624,6325,94.928,6325,0
6326,1.06667,6326,0.3686,6326,1,6326,0.317624,6326,94.928,6326,0
6327,1.03333,6327,0.3686,6327,1,6327,0.317624,6327,94.928,6327,0
6328,1.03333,6328,0.3686,6328,1,6328,0.317624,6328,94.928,6328,0
6329,1.03333,6329,0.3686,6329,1,6329,0.317624,6329,94.928,6329,0
6330,1,6330,0.354929,6330,1,6330,0.317624,6330,94.928,6330,0
6331,1.03333,6331,0.354929,6331,1,6331,0.317624,6331,94.928,6331,0
6332,1.03333,6332,0.327588,6332,1,6332,0.317624,6332,94.928,6332,0
6333,1.06667,6333,0.327588,6333,1,6333,0.317624,6333,94.928,6333,0
6334,1.06667,6334,0.341259,6334,1,6334,0.317624,6334,94.928,6334,0
6335,1,6335,0.327588,6335,1,6335,0.317624,6335,94.928,6335,0
6336,1,6336,0.327588,6336,1,6336,0.317624,6336,94.928,6336,0
6337,0.966667,6337,0.327588,6337,1,6337,0.317624,6337,94.928,6337,0
6338,0.966667,6338,0.300248,6338,1,6338,0.317624,6338,94.928,6338,0
6339,1,6339,0.300248,6339,1,6339,0.317624,6339,94.928,6339,0
6340,0.933333,6340,0.327588,6340,1,6340,0.317624,6340,94.928,6340,0
6341,0.933333,6341,0.327588,6341,1,6341,0.317624,6341,94.928,6341,0
6342,0.966667,6342,0.327588,6342,1,6342,0.317624,6342,94.928,6342,0
6343,1,6343,0.341259,6343,1,6343,0.317624,6343,94.928,6343,0
6344,1,6344,0.327588,6344,1,6344,0.317624,6344,94.928,6344,0
6345,1,6345,0.327588,6345,1,6345,0.317624,6345,94.928,6345,0
6346,1,6346,0.327588,6346,1,6346,0.317624,6346,94.928,6346,0
6347,1,6347,0.327588,6347,1,6347,0.317624,6347,94.928,6347,0
6348,1,6348,0.327588,6348,1,6348,0.317624,6348,94.928,6348,0
6349,1,6349,0.327588,6349,1,6349,0.317624,6349,94.928,6349,0
6350,1.03333,6350,0.313918,6350,1,6350,0.317624,6350,94.928,6350,0
6351,1.03333,6351,0.313918,6351,1,6351,0.317624,6351,94.928,6351,0
6352,1.06667,6352,0.313918,6352,1,6352,0.317624,6352,94.928,6352,0
6353,1.06667,6353,0.300248,6353,1,6353,0.317624,6353,94.928,6353,0
6354,1.06667,6354,0.286577,6354,1,6354,0.317624,6354,94.928,6354,0
6355,1.03333,6355,0.300248,6355,1,6355,0.317624,6355,94.928,6355,0
6356,1.03333,6356,0.286577,6356,1,6356,0.317624,6356,94.928,6356,0
6357,1.03333,6357,0.272907,6357,1,6357,0.317624,6357,94.928,6357,0
6358,0.966667,6358,0.286577,6358,1,6358,0.317624,6358,94.928,6358,0
6359,0.966667,6359,0.272907,6359,1,6359,0.317624,6359,94.928,6359,0
6360,0.966667,6360,0.272907,6360,1,6360,0.317624,6360,94.928,6360,0
6361,1,6361,0.272907,6361,1,6361,0.317624,6361,94.928,6361,0
6362,1.03333,6362,0.272907,6362,1,6362,0.317624,6362,94.928,6362,0
6363,1.03333,6363,0.272907,6363,1,6363,0.317624,6363,94.928,6363,0
6364,1,6364,0.272907,6364,1,6364,0.317624,6364,94.928,6364,0
6365,0.966667,6365,0.286577,6365,1,6365,0.317624,6365,94.928,6365,0
6366,0.966667,6366,0.286577,6366,1,6366,0.317624,6366,94.928,6366,0
6367,0.966667,6367,0.300248,6367,1,6367,0.317624,6367,94.928,6367,0
6368,1,6368,0.313918,6368,1,6368,0.317624,6368,94.928,6368,0
6369,1.03333,6369,0.313918,6369,1,6369,0.317624,6369,94.928,6369,0
6370,1,6370,0.327588,6370,1,6370,0.317624,6370,94.928,6370,0
6371,1.06667,6371,0.354929,6371,1,6371,0.317624,6371,94.928,6371,0
6372,1.06667,6372,0.395941,6372,1,6372,0.317624,6372,94.928,6372,0
6373,1.03333,6373,0.395941,6373,1,6373,0.317624,6373,94.928,6373,0
6374,1.03333,6374,0.395941,6374,1,6374,0.317624,6374,94.928,6374,0
6375,1,6375,0.395941,6375,1,6375,0.317624,6375,94.928,6375,0
6376,0.966667,6376,0.395941,6376,1,6376,0.317624,6376,94.928,6376,0
6377,1,6377,0.395941,6377,1,6377,0.317624,6377,94.928,6377,0
6378,1,6378,0.395941,6378,1,6378,0.317624,6378,94.928,6378,0
6379,1,6379,0.395941,6379,1,6379,0.317624,6379,94.928,6379,0
6380,1.03333,6380,0.395941,6380,1,6380,0.317624,6380,94.928,6380,0
6381,1.03333,6381,0.3686,6381,1,6381,0.317624,6381,94.928,6381,0
6382,1.03333,6382,0.354929,6382,1,6382,0.317624,6382,94.928,6382,0
6383,1.03333,6383,0.354929,6383,1,6383,0.317624,6383,94.928,6383,0
6384,1,6384,0.341259,6384,1,6384,0.317624,6384,94.928,6384,0
6385,0.933333,6385,0.341259,6385,1,6385,0.317624,6385,94.928,6385,0
6386,0.933333,6386,0.341259,6386,1,6386,0.317624,6386,94.928,6386,0
6387,0.966667,6387,0.354929,6387,1,6387,0.317624,6387,94.928,6387,0
6388,1.03333,6388,0.354929,6388,1,6388,0.317624,6388,94.928,6388,0
6389,1.03333,6389,0.354929,6389,1,6389,0.317624,6389,94.928,6389,0
6390,1.03333,6390,0.38227,6390,1,6390,0.317624,6390,94.928,6390,0
6391,1.03333,6391,0.409611,6391,1,6391,0.317624,6391,94.928,6391,0
6392,1.06667,6392,0.423281,6392,1,6392,0.317624,6392,94.928,6392,0
6393,1.03333,6393,0.423281,6393,1,6393,0.317624,6393,94.928,6393,0
6394,1,6394,0.423281,6394,1,6394,0.317624,6394,94.928,6394,0
6395,0.966667,6395,0.423281,6395,1,6395,0.317624,6395,95.3671,6395,0
6396,0.966667,6396,0.409611,6396,1,6396,0.317624,6396,94.928,6396,0
6397,0.933333,6397,0.409611,6397,1,6397,0.317624,6397,94.928,6397,0
6398,0.966667,6398,0.409611,6398,1,6398,0.317624,6398,95.3671,6398,0
6399,1.03333,6399,0.38227,6399,1,6399,0.317624,6399,95.3671,6399,0
6400,1.06667,6400,0.38227,6400,1,6400,0.317624,6400,95.3671,6400,0
6401,1.03333,6401,0.38227,6401,1,6401,0.317624,6401,95.3671,6401,0
6402,1,6402,0.38227,6402,1,6402,0.317624,6402,95.3671,6402,0
6403,1,6403,0.38227,6403,1,6403,0.317624,6403,95.3671,6403,0
6404,0.966667,6404,0.38227,6404,1,6404,0.317624,6404,95.3671,6404,0
6405,0.966667,6405,0.38227,6405,1,6405,0.317624,6405,95.3671,6405,0
6406,0.966667,6406,0.38227,6406,1,6406,0.317624,6406,94.928,6406,0
6407,1,6407,0.38227,6407,1,6407,0.317624,6407,94.928,6407,0
6408,1.03333,6408,0.38227,6408,1,6408,0.317624,6408,94.928,6408,0
6409,1.03333,6409,0.38227,6409,1,6409,0.317624,6409,94.928,6409,0
6410,1,6410,0.38227,6410,1,6410,0.317624,6410,94.928,6410,0
6411,1.03333,6411,0.3686,6411,1,6411,0.317624,6411,94.928,6411,0
6412,1.03333,6412,0.3686,6412,1,6412,0.317624,6412,94.928,6412,0
6413,1,6413,0.3686,6413,1,6413,0.317624,6413,94.928,6413,1
6414,0.966667,6414,0.3686,6414,1,6414,0.317624,6414,94.928,6414,1
6415,0.933333,6415,0.354929,6415,1,6415,0.317624,6415,94.928,6415,1
6416,0.9,6416,0.354929,6416,1,6416,0.317624,6416,94.928,6416,1
6417,0.966667,6417,0.354929,6417,1,6417,0.317624,6417,94.928,6417,1
6418,1.03333,6418,0.354929,6418,1,6418,0.317624,6418,94.928,6418,1
6419,1.06667,6419,0.3686,6419,1,6419,0.317624,6419,94.928,6419,1
6420,1.06667,6420,0.3686,6420,1,6420,0.317624,6420,94.928,6420,1
6421,1.06667,6421,0.38227,6421,1,6421,0.317624,6421,94.928,6421,1
6422,1.03333,6422,0.38227,6422,1,6422,0.317624,6422,94.928,6422,1
6423,1.03333,6423,0.38227,6423,1,6423,0.317624,6423,94.928,6423,1
6424,1.03333,6424,0.3686,6424,1,6424,0.317624,6424,94.928,6424,1
6425,1.03333,6425,0.3686,6425,1,6425,0.317624,6425,94.928,6425,1
6426,1.03333,6426,0.3686,6426,1,6426,0.317624,6426,94.928,6426,1
6427,1.06667,6427,0.3686,6427,1,6427,0.317624,6427,94.928,6427,1
6428,1.06667,6428,0.3686,6428,1,6428,0.317624,6428,94.928,6428,1
6429,1.06667,6429,0.354929,6429,1,6429,0.317624,6429,94.928,6429,1
6430,1.03333,6430,0.341259,6430,1,6430,0.317624,6430,94.928,6430,1
6431,1,6431,0.327588,6431,1,6431,0.317624,6431,94.928,6431,1
6432,0.966667,6432,0.327588,6432,1,6432,0.317624,6432,94.928,6432,1
6433,0.933333,6433,0.313918,6433,1,6433,0.317624,6433,94.928,6433,1
6434,0.9,6434,0.313918,6434,1,6434,0.317624,6434,94.928,6434,1
6435,0.933333,6435,0.300248,6435,1,6435,0.317624,6435,94.928,6435,1
6436,0.966667,6436,0.300248,6436,1,6436,0.317624,6436,94.928,6436,1
6437,0.966667,6437,0.300248,6437,1,6437,0.317624,6437,94.928,6437,1
6438,0.966667,6438,0.300248,6438,1,6438,0.317624,6438,94.928,6438,1
6439,1,6439,0.300248,6439,1,6439,0.317624,6439,95.3671,6439,1
6440,1,6440,0.300248,6440,1,6440,0.317624,6440,94.928,6440,1
6441,0.966667,6441,0.300248,6441,1,6441,0.317624,6441,94.928,6441,1
6442,0.966667,6442,0.327588,6442,1,6442,0.317624,6442,94.928,6442,1
6443,1,6443,0.327588,6443,1,6443,0.317624,6443,94.928,6443,1
6444,1,6444,0.341259,6444,1,6444,0.317624,6444,94.928,6444,1
6445,1.03333,6445,0.354929,6445,1,6445,0.317624,6445,94.928,6445,1
6446,1.03333,6446,0.3686,6446,1,6446,0.317624,6446,94.928,6446,1
6447,1.06667,6447,0.3686,6447,1,6447,0.317624,6447,94.928,6447,1
6448,1.03333,6448,0.3686,6448,1,6448,0.317624,6448,95.3671,6448,1
6449,1.03333,6449,0.38227,6449,1,6449,0.317624,6449,95.3671,6449,1
6450,1.03333,6450,0.395941,6450,1,6450,0.317624,6450,95.3671,6450,1
6451,1,6451,0.395941,6451,1,6451,0.317624,6451,95.3671,6451,1
6452,0.966667,6452,0.395941,6452,1,6452,0.317624,6452,95.3671,6452,1
6453,0.966667,6453,0.395941,6453,1,6453,0.317624,6453,95.3671,6453,1
6454,0.966667,6454,0.395941,6454,1,6454,0.317624,6454,95.3671,6454,1
6455,1.03333,6455,0.409611,6455,1,6455,0.317624,6455,95.3671,6455,1
6456,1.03333,6456,0.409611,6456,1,6456,0.317624,6456,95.3671,6456,1
6457,1.03333,6457,0.409611,6457,1,6457,0.317624,6457,95.3671,6457,1
6458,1.06667,6458,0.395941,6458,1,6458,0.317624,6458,94.928,6458,1
6459,1,6459,0.395941,6459,1,6459,0.317624,6459,94.928,6459,1
6460,0.966667,6460,0.38227,6460,1,6460,0.317624,6460,94.928,6460,1
6461,0.966667,6461,0.38227,6461,1,6461,0.317624,6461,94.928,6461,1
6462,0.966667,6462,0.38227,6462,1,6462,0.317624,6462,94.928,6462,1
6463,1.03333,6463,0.3686,6463,1,6463,0.317624,6463,94.928,6463,1
6464,1.03333,6464,0.3686,6464,1,6464,0.317624,6464,95.3671,6464,1
6465,1.03333,6465,0.3686,6465,1,6465,0.317624,6465,95.3671,6465,1
6466,1.03333,6466,0.3686,6466,1,6466,0.317624,6466,95.3671,6466,1
6467,1.03333,6467,0.3686,6467,1,6467,0.317624,6467,95.3671,6467,1
6468,1.03333,6468,0.354929,6468,1,6468,0.317624,6468,95.3671,6468,1
6469,1,6469,0.354929,6469,1,6469,0.317624,6469,94.928,6469,1
6470,0.966667,6470,0.3686,6470,1,6470,0.317624,6470,94.928,6470,1
6471,0.966667,6471,0.3686,6471,1,6471,0.317624,6471,94.928,6471,1
6472,0.933333,6472,0.3686,6472,1,6472,0.317624,6472,94.928,6472,1
6473,0.966667,6473,0.354929,6473,1,6473,0.317624,6473,94.928,6473,1
6474,1.03333,6474,0.3686,6474,1,6474,0.317624,6474,94.928,6474,1
6475,1,6475,0.3686,6475,1,6475,0.317624,6475,94.928,6475,1
6476,1.03333,6476,0.3686,6476,1,6476,0.317624,6476,94.928,6476,1
6477,1,6477,0.3686,6477,1,6477,0.317624,6477,94.928,6477,1
6478,1,6478,0.3686,6478,1,6478,0.317624,6478,94.928,6478,1
6479,1,6479,0.3686,6479,1,6479,0.317624,6479,94.928,6479,1
6480,1,6480,0.38227,6480,1,6480,0.317624,6480,94.928,6480,1
6481,1.03333,6481,0.38227,6481,1,6481,0.317624,6481,94.928,6481,1
6482,1.03333,6482,0.38227,6482,1,6482,0.317624,6482,94.928,6482,1
6483,1.06667,6483,0.38227,6483,1,6483,0.317624,6483,94.928,6483,1
6484,1.06667,6484,0.38227,6484,1,6484,0.317624,6484,94.928,6484,1
6485,1.03333,6485,0.38227,6485,1,6485,0.317624,6485,94.928,6485,1
6486,1.03333,6486,0.38227,6486,1,6486,0.317624,6486,94.928,6486,1
6487,1.03333,6487,0.38227,6487,1,6487,0.317624,6487,94.928,6487,1
6488,1.03333,6488,0.38227,6488,1,6488,0.317624,6488,94.928,6488,1
6489,1,6489,0.38227,6489,1,6489,0.317624,6489,94.928,6489,1
6490,0.966667,6490,0.38227,6490,1,6490,0.317624,6490,94.928,6490,1
6491,0.966667,6491,0.38227,6491,1,6491,0.317624,6491,94.928,6491,1
6492,1,6492,0.38227,6492,1,6492,0.317624,6492,94.928,6492,1
6493,1.03333,6493,0.3686,6493,1,6493,0.317624,6493,94.928,6493,1
6494,1.03333,6494,0.3686,6494,1,6494,0.317624,6494,94.928,6494,1
6495,1,6495,0.38227,6495,1,6495,0.317624,6495,94.928,6495,1
6496,1,6496,0.38227,6496,1,6496,0.317624,6496,94.928,6496,1
6497,0.966667,6497,0.38227,6497,1,6497,0.317624,6497,94.928,6497,1
6498,0.966667,6498,0.38227,6498,1,6498,0.317624,6498,94.928,6498,1
6499,1,6499,0.38227,6499,1,6499,0.317624,6499,94.928,6499,1
6500,1.03333,6500,0.38227,6500,1,6500,0.317624,6500,94.928,6500,1
6501,1,6501,0.38227,6501,1,6501,0.317624,6501,94.928,6501,1
6502,1.06667,6502,0.38227,6502,1,6502,0.317624,6502,94.928,6502,1
6503,1.06667,6503,0.3686,6503,1,6503,0.317624,6503,94.928,6503,1
6504,1.03333,6504,0.3686,6504,1,6504,0.317624,6504,94.928,6504,1
6505,1.03333,6505,0.3686,6505,1,6505,0.317624,6505,94.928,6505,1
6506,1,6506,0.3686,6506,1,6506,0.317624,6506,94.928,6506,1
6507,1,6507,0.3686,6507,1,6507,0.317624,6507,94.928,6507,1
6508,0.966667,6508,0.341259,6508,1,6508,0.317624,6508,94.928,6508,1
6509,0.933333,6509,0.341259,6509,1,6509,0.317624,6509,94.928,6509,1
6510,0.966667,6510,0.341259,6510,1,6510,0.317624,6510,94.928,6510,1
6511,1.03333,6511,0.341259,6511,1,6511,0.317624,6511,94.928,6511,1
6512,1.03333,6512,0.341259,6512,1,6512,0.317624,6512,94.928,6512,1
6513,1.06667,6513,0.341259,6513,1,6513,0.317624,6513,94.928,6513,1
6514,1.03333,6514,0.341259,6514,1,6514,0.317624,6514,94.928,6514,1
6515,1,6515,0.341259,6515,1,6515,0.317624,6515,94.928,6515,1
6516,0.933333,6516,0.3686,6516,1,6516,0.317624,6516,94.928,6516,1
6517,0.966667,6517,0.3686,6517,1,6517,0.317624,6517,95.3671,6517,1
6518,0.966667,6518,0.3686,6518,1,6518,0.317624,6518,95.3671,6518,1
6519,1,6519,0.38227,6519,1,6519,0.317624,6519,95.1336,6519,1
6520,1,6520,0.38227,6520,1,6520,0.317624,6520,95.3671,6520,1
6521,1.03333,6521,0.395941,6521,1,6521,0.317624,6521,95.1336,6521,1
6522,1,6522,0.395941,6522,1,6522,0.317624,6522,95.3671,6522,1
6523,1.03333,6523,0.395941,6523,1,6523,0.317624,6523,95.1336,6523,1
6524,1,6524,0.395941,6524,1,6524,0.317624,6524,94.928,6524,1
6525,0.966667,6525,0.409611,6525,1,6525,0.317624,6525,95.1336,6525,1
6526,0.933333,6526,0.395941,6526,1,6526,0.317624,6526,95.3671,6526,1
6527,0.9,6527,0.395941,6527,1,6527,0.317624,6527,95.3671,6527,1
6528,0.933333,6528,0.395941,6528,1,6528,0.317624,6528,95.3671,6528,1
6529,0.966667,6529,0.395941,6529,1,6529,0.317624,6529,95.3671,6529,1
6530,1,6530,0.38227,6530,1,6530,0.317624,6530,95.1336,6530,1
6531,1.03333,6531,0.38227,6531,1,6531,0.317624,6531,95.1336,6531,1
6532,1.03333,6532,0.3686,6532,1,6532,0.317624,6532,94.928,6532,1
6533,1.03333,6533,0.3686,6533,1,6533,0.317624,6533,94.928,6533,1
6534,1,6534,0.3686,6534,1,6534,0.317624,6534,94.928,6534,1
6535,1,6535,0.3686,6535,1,6535,0.317624,6535,94.928,6535,1
6536,0.966667,6536,0.354929,6536,1,6536,0.317624,6536,95.1336,6536,1
6537,1.03333,6537,0.341259,6537,1,6537,0.317624,6537,95.1336,6537,1
6538,1.03333,6538,0.327588,6538,1,6538,0.317624,6538,94.928,6538,1
6539,1.06667,6539,0.327588,6539,1,6539,0.317624,6539,94.928,6539,1
6540,1.06667,6540,0.341259,6540,1,6540,0.317624,6540,94.928,6540,1
6541,1.06667,6541,0.341259,6541,1,6541,0.317624,6541,94.928,6541,1
6542,1.03333,6542,0.341259,6542,1,6542,0.317624,6542,94.928,6542,1
6543,1.03333,6543,0.341259,6543,1,6543,0.317624,6543,94.928,6543,1
6544,1,6544,0.341259,6544,1,6544,0.317624,6544,94.928,6544,1
6545,0.966667,6545,0.341259,6545,1,6545,0.317624,6545,94.928,6545,1
6546,0.933333,6546,0.341259,6546,1,6546,0.317624,6546,94.928,6546,1
6547,0.933333,6547,0.300248,6547,1,6547,0.317624,6547,94.928,6547,1
6548,0.966667,6548,0.300248,6548,1,6548,0.317624,6548,94.928,6548,1
6549,1,6549,0.300248,6549,1,6549,0.317624,6549,94.928,6549,1
6550,1.03333,6550,0.300248,6550,1,6550,0.317624,6550,94.928,6550,1
6551,1,6551,0.300248,6551,1,6551,0.317624,6551,94.928,6551,1
6552,1,6552,0.286577,6552,1,6552,0.317624,6552,94.928,6552,1
6553,1,6553,0.286577,6553,1,6553,0.317624,6553,94.928,6553,1
6554,0.966667,6554,0.286577,6554,1,6554,0.317624,6554,94.928,6554,1
6555,0.933333,6555,0.300248,6555,1,6555,0.317624,6555,94.928,6555,1
6556,0.966667,6556,0.300248,6556,1,6556,0.317624,6556,94.928,6556,1
6557,1,6557,0.300248,6557,1,6557,0.317624,6557,94.928,6557,1
6558,1.03333,6558,0.300248,6558,1,6558,0.317624,6558,94.928,6558,1
6559,1.06667,6559,0.313918,6559,1,6559,0.317624,6559,94.928,6559,1
6560,1.06667,6560,0.313918,6560,1,6560,0.317624,6560,94.928,6560,1
6561,1.03333,6561,0.313918,6561,1,6561,0.317624,6561,94.928,6561,1
6562,1,6562,0.313918,6562,1,6562,0.317624,6562,94.928,6562,1
6563,1,6563,0.327588,6563,1,6563,0.317624,6563,94.928,6563,1
6564,0.933333,6564,0.327588,6564,1,6564,0.317624,6564,94.928,6564,1
6565,0.933333,6565,0.341259,6565,1,6565,0.317624,6565,94.928,6565,1
6566,0.9,6566,0.341259,6566,1,6566,0.317624,6566,94.928,6566,1
6567,0.933333,6567,0.354929,6567,1,6567,0.317624,6567,94.928,6567,1
6568,1,6568,0.354929,6568,1,6568,0.317624,6568,94.928,6568,1
6569,1.03333,6569,0.354929,6569,1,6569,0.317624,6569,94.928,6569,1
6570,1.03333,6570,0.354929,6570,1,6570,0.317624,6570,94.928,6570,1
6571,1.03333,6571,0.3686,6571,1,6571,0.317624,6571,94.928,6571,1
6572,1.03333,6572,0.3686,6572,1,6572,0.317624,6572,94.928,6572,1
6573,1,6573,0.3686,6573,1,6573,0.317624,6573,94.928,6573,1
6574,1,6574,0.3686,6574,1,6574,0.317624,6574,94.928,6574,1
6575,0.966667,6575,0.3686,6575,1,6575,0.317624,6575,94.928,6575,1
6576,1,6576,0.3686,6576,1,6576,0.317624,6576,94.928,6576,1
6577,1.03333,6577,0.38227,6577,1,6577,0.317624,6577,94.928,6577,1
6578,1.03333,6578,0.3686,6578,1,6578,0.317624,6578,95.3671,6578,1
6579,1.06667,6579,0.38227,6579,1,6579,0.317624,6579,94.928,6579,1
6580,1.03333,6580,0.38227,6580,1,6580,0.317624,6580,94.928,6580,1
6581,1,6581,0.395941,6581,1,6581,0.317624,6581,94.928,6581,1
6582,1,6582,0.38227,6582,1,6582,0.317624,6582,95.3671,6582,1
6583,0.966667,6583,0.38227,6583,1,6583,0.317624,6583,95.3671,6583,1
6584,0.966667,6584,0.38227,6584,1,6584,0.317624,6584,95.3671,6584,1
6585,0.933333,6585,0.38227,6585,1,6585,0.317624,6585,95.3671,6585,1
6586,0.966667,6586,0.38227,6586,1,6586,0.317624,6586,94.928,6586,1
6587,1,6587,0.354929,6587,1,6587,0.317624,6587,95.3671,6587,1
6588,1.03333,6588,0.354929,6588,1,6588,0.317624,6588,94.928,6588,1
6589,1.06667,6589,0.341259,6589,1,6589,0.317624,6589,95.3671,6589,1
6590,1.03333,6590,0.341259,6590,1,6590,0.317624,6590,95.3671,6590,1
6591,1,6591,0.341259,6591,1,6591,0.317624,6591,95.8066,6591,1
6592,0.966667,6592,0.341259,6592,1,6592,0.317624,6592,95.3671,6592,1
6593,0.966667,6593,0.327588,6593,1,6593,0.317624,6593,95.3671,6593,1
6594,1.03333,6594,0.327588,6594,1,6594,0.317624,6594,95.3671,6594,1
6595,0.966667,6595,0.327588,6595,1,6595,0.317624,6595,95.3671,6595,1
6596,1.03333,6596,0.313918,6596,1,6596,0.317624,6596,94.928,6596,1
6597,1.03333,6597,0.313918,6597,1,6597,0.317624,6597,94.928,6597,1
6598,1,6598,0.313918,6598,1,6598,0.317624,6598,94.928,6598,1
6599,1.03333,6599,0.300248,6599,1,6599,0.317624,6599,94.928,6599,1
6600,1,6600,0.300248,6600,1,6600,0.317624,6600,94.928,6600,1
6601,0.933333,6601,0.272907,6601,1,6601,0.317624,6601,95.3671,6601,1
6602,0.933333,6602,0.272907,6602,1,6602,0.317624,6602,95.3671,6602,1
6603,0.933333,6603,0.272907,6603,1,6603,0.317624,6603,94.928,6603,1
6604,0.933333,6604,0.272907,6604,1,6604,0.317624,6604,94.928,6604,1
6605,0.933333,6605,0.272907,6605,1,6605,0.317624,6605,94.928,6605,1
6606,1,6606,0.272907,6606,1,6606,0.317624,6606,94.928,6606,1
6607,1,6607,0.272907,6607,1,6607,0.317624,6607,94.928,6607,1
6608,1,6608,0.272907,6608,1,6608,0.317624,6608,94.928,6608,1
6609,1.03333,6609,0.286577,6609,1,6609,0.317624,6609,94.928,6609,1
6610,1.03333,6610,0.286577,6610,1,6610,0.317624,6610,94.928,6610,1
6611,0.966667,6611,0.286577,6611,1,6611,0.317624,6611,94.928,6611,1
6612,1,6612,0.286577,6612,1,6612,0.317624,6612,94.928,6612,1
6613,1.03333,6613,0.286577,6613,1,6613,0.317624,6613,94.928,6613,1
6614,1.03333,6614,0.272907,6614,1,6614,0.317624,6614,94.928,6614,1
6615,1.03333,6615,0.272907,6615,1,6615,0.317624,6615,94.928,6615,1
6616,1.03333,6616,0.272907,6616,1,6616,0.317624,6616,94.928,6616,1
6617,1,6617,0.272907,6617,1,6617,0.317624,6617,94.928,6617,1
6618,1.03333,6618,0.272907,6618,1,6618,0.317624,6618,94.928,6618,1
6619,1,6619,0.259236,6619,1,6619,0.317624,6619,94.928,6619,1
6620,1,6620,0.259236,6620,1,6620,0.317624,6620,94.928,6620,1
6621,0.933333,6621,0.259236,6621,1,6621,0.317624,6621,94.928,6621,1
6622,0.9,6622,0.259236,6622,1,6622,0.317624,6622,94.928,6622,1
6623,0.966667,6623,0.272907,6623,1,6623,0.317624,6623,94.928,6623,1
6624,1.03333,6624,0.272907,6624,1,6624,0.317624,6624,94.928,6624,1
6625,1,6625,0.272907,6625,1,6625,0.317624,6625,94.928,6625,1
6626,1,6626,0.272907,6626,1,6626,0.317624,6626,94.928,6626,1
6627,1,6627,0.272907,6627,1,6627,0.317624,6627,94.928,6627,1
6628,1,6628,0.272907,6628,1,6628,0.317624,6628,94.928,6628,1
6629,0.966667,6629,0.286577,6629,1,6629,0.317624,6629,94.928,6629,1
6630,1,6630,0.286577,6630,1,6630,0.317624,6630,94.928,6630,1
6631,1,6631,0.286577,6631,1,6631,0.317624,6631,94.928,6631,1
6632,1,6632,0.286577,6632,1,6632,0.317624,6632,94.928,6632,1
6633,1,6633,0.286577,6633,1,6633,0.317624,6633,94.928,6633,1
6634,1.03333,6634,0.286577,6634,1,6634,0.317624,6634,94.4892,6634,1
6635,1,6635,0.286577,6635,1,6635,0.317624,6635,94.4892,6635,1
6636,1.03333,6636,0.300248,6636,1,6636,0.317624,6636,94.4892,6636,1
6637,1.03333,6637,0.300248,6637,1,6637,0.317624,6637,94.4892,6637,1
6638,1,6638,0.300248,6638,1,6638,0.317624,6638,94.4892,6638,1
6639,1,6639,0.300248,6639,1,6639,0.317624,6639,94.4892,6639,0
6640,0.966667,6640,0.300248,6640,1,6640,0.317624,6640,94.4892,6640,0
6641,0.933333,6641,0.300248,6641,1,6641,0.317624,6641,94.4892,6641,0
6642,0.966667,6642,0.300248,6642,1,6642,0.317624,6642,94.4892,6642,0
6643,1,6643,0.300248,6643,1,6643,0.317624,6643,94.4892,6643,0
6644,1,6644,0.300248,6644,1,6644,0.317624,6644,94.4892,6644,0
6645,1,6645,0.300248,6645,1,6645,0.317624,6645,94.4892,6645,0
6646,1,6646,0.300248,6646,1,6646,0.317624,6646,94.4892,6646,0
6647,0.966667,6647,0.286577,6647,1,6647,0.317624,6647,94.4892,6647,0
6648,0.966667,6648,0.286577,6648,1,6648,0.317624,6648,94.4892,6648,0
6649,1,6649,0.286577,6649,1,6649,0.317624,6649,94.4892,6649,0
6650,1.03333,6650,0.286577,6650,1,6650,0.317624,6650,94.4892,6650,0
6651,1,6651,0.286577,6651,1,6651,0.317624,6651,94.4892,6651,0
6652,1,6652,0.286577,6652,1,6652,0.317624,6652,94.4892,6652,0
6653,1.03333,6653,0.286577,6653,1,6653,0.317624,6653,94.4892,6653,0
6654,1.03333,6654,0.286577,6654,1,6654,0.317624,6654,94.4892,6654,0
6655,1.03333,6655,0.286577,6655,1,6655,0.317624,6655,94.928,6655,0
6656,1,6656,0.286577,6656,1,6656,0.317624,6656,94.4892,6656,0
6657,1,6657,0.286577,6657,1,6657,0.317624,6657,94.4892,6657,0
6658,0.966667,6658,0.286577,6658,1,6658,0.317624,6658,94.4892,6658,0
6659,0.966667,6659,0.286577,6659,1,6659,0.317624,6659,94.4892,6659,0
6660,0.966667,6660,0.300248,6660,1,6660,0.317624,6660,94.4892,6660,0
6661,1,6661,0.300248,6661,1,6661,0.317624,6661,94.4892,6661,0
6662,1.03333,6662,0.300248,6662,1,6662,0.317624,6662,94.4892,6662,0
6663,1.06667,6663,0.313918,6663,1,6663,0.317624,6663,94.928,6663,0
6664,1.03333,6664,0.327588,6664,1,6664,0.317624,6664,94.4892,6664,0
6665,0.966667,6665,0.327588,6665,1,6665,0.317624,6665,94.928,6665,0
6666,0.966667,6666,0.327588,6666,1,6666,0.317624,6666,94.928,6666,0
6667,0.933333,6667,0.327588,6667,1,6667,0.317624,6667,94.4892,6667,0
6668,0.966667,6668,0.341259,6668,1,6668,0.317624,6668,94.4892,6668,0
6669,1,6669,0.341259,6669,1,6669,0.317624,6669,94.4892,6669,0
6670,1,6670,0.341259,6670,1,6670,0.317624,6670,94.928,6670,0
6671,1.03333,6671,0.341259,6671,1,6671,0.317624,6671,94.928,6671,0
6672,1.03333,6672,0.327588,6672,1,6672,0.317624,6672,94.928,6672,0
6673,1,6673,0.341259,6673,1,6673,0.317624,6673,94.928,6673,0
6674,1.06667,6674,0.341259,6674,1,6674,0.317624,6674,94.928,6674,0
6675,1,6675,0.341259,6675,1,6675,0.317624,6675,94.928,6675,0
6676,1,6676,0.341259,6676,1,6676,0.317624,6676,94.928,6676,0
6677,1,6677,0.354929,6677,1,6677,0.317624,6677,94.928,6677,0
6678,0.966667,6678,0.354929,6678,1,6678,0.317624,6678,94.928,6678,0
6679,1,6679,0.354929,6679,1,6679,0.317624,6679,94.928,6679,0
6680,1,6680,0.354929,6680,1,6680,0.317624,6680,95.3671,6680,0
6681,1.03333,6681,0.354929,6681,1,6681,0.317624,6681,95.3671,6681,0
6682,1.06667,6682,0.3686,6682,1,6682,0.317624,6682,95.3671,6682,0
6683,1.06667,6683,0.38227,6683,1,6683,0.317624,6683,95.3671,6683,0
6684,1,6684,0.38227,6684,1,6684,0.317624,6684,95.3671,6684,0
6685,1,6685,0.38227,6685,1,6685,0.317624,6685,95.8066,6685,0
6686,0.966667,6686,0.38227,6686,1,6686,0.317624,6686,95.8066,6686,0
6687,1,6687,0.38227,6687,1,6687,0.317624,6687,95.8066,6687,0
6688,1,6688,0.354929,6688,1,6688,0.317624,6688,95.8066,6688,0
6689,1.06667,6689,0.354929,6689,1,6689,0.317624,6689,95.8066,6689,0
6690,1.03333,6690,0.341259,6690,1,6690,0.317624,6690,95.8066,6690,0
6691,1,6691,0.327588,6691,1,6691,0.317624,6691,95.8066,6691,0
6692,1,6692,0.300248,6692,1,6692,0.317624,6692,95.8066,6692,0
6693,1,6693,0.286577,6693,1,6693,0.317624,6693,95.8066,6693,0
6694,0.966667,6694,0.286577,6694,1,6694,0.317624,6694,95.8066,6694,0
6695,0.966667,6695,0.300248,6695,1,6695,0.317624,6695,95.8066,6695,0
6696,0.9,6696,0.300248,6696,1,6696,0.317624,6696,95.3671,6696,0
6697,0.9,6697,0.300248,6697,1,6697,0.317624,6697,95.3671,6697,0
6698,0.9,6698,0.300248,6698,1,6698,0.317624,6698,95.3671,6698,0
6699,0.966667,6699,0.300248,6699,1,6699,0.317624,6699,95.3671,6699,0
6700,1,6700,0.313918,6700,1,6700,0.317624,6700,95.3671,6700,0
6701,1.03333,6701,0.327588,6701,1,6701,0.317624,6701,95.3671,6701,0
6702,1.06667,6702,0.341259,6702,1,6702,0.317624,6702,95.3671,6702,0
6703,1.03333,6703,0.38227,6703,1,6703,0.317624,6703,95.3671,6703,0
6704,1,6704,0.38227,6704,1,6704,0.317624,6704,94.928,6704,0
6705,1.03333,6705,0.38227,6705,1,6705,0.317624,6705,94.928,6705,0
6706,1.06667,6706,0.38227,6706,1,6706,0.317624,6706,94.928,6706,0
6707,1.06667,6707,0.38227,6707,1,6707,0.317624,6707,94.928,6707,0
6708,1.13333,6708,0.38227,6708,1,6708,0.317624,6708,94.928,6708,0
6709,1.13333,6709,0.38227,6709,1,6709,0.317624,6709,94.928,6709,0
6710,1.13333,6710,0.38227,6710,1,6710,0.317624,6710,94.928,6710,0
6711,1.13333,6711,0.38227,6711,1,6711,0.317624,6711,94.928,6711,0
6712,1.1,6712,0.38227,6712,1,6712,0.317624,6712,94.928,6712,0
6713,1.03333,6713,0.3686,6713,1,6713,0.317624,6713,94.928,6713,0
6714,0.966667,6714,0.341259,6714,1,6714,0.317624,6714,94.928,6714,0
6715,0.9,6715,0.341259,6715,1,6715,0.317624,6715,94.928,6715,0
6716,0.9,6716,0.327588,6716,1,6716,0.317624,6716,94.928,6716,0
6717,0.933333,6717,0.313918,6717,1,6717,0.317624,6717,94.928,6717,0
6718,0.966667,6718,0.313918,6718,1,6718,0.317624,6718,94.928,6718,0
6719,1,6719,0.300248,6719,1,6719,0.317624,6719,94.928,6719,0
6720,1,6720,0.300248,6720,1,6720,0.317624,6720,94.928,6720,0
6721,0.966667,6721,0.300248,6721,1,6721,0.317624,6721,94.928,6721,0
6722,0.933333,6722,0.300248,6722,1,6722,0.317624,6722,94.928,6722,0
6723,0.933333,6723,0.286577,6723,1,6723,0.317624,6723,94.928,6723,0
6724,0.933333,6724,0.286577,6724,1,6724,0.317624,6724,94.928,6724,0
6725,0.966667,6725,0.286577,6725,1,6725,0.317624,6725,94.928,6725,0
6726,1,6726,0.286577,6726,1,6726,0.317624,6726,94.928,6726,0
6727,1.03333,6727,0.286577,6727,1,6727,0.317624,6727,94.928,6727,0
6728,1.06667,6728,0.286577,6728,1,6728,0.317624,6728,94.928,6728,0
6729,1.06667,6729,0.286577,6729,1,6729,0.317624,6729,94.928,6729,0
6730,1.06667,6730,0.286577,6730,1,6730,0.317624,6730,94.928,6730,0
6731,1.03333,6731,0.286577,6731,1,6731,0.317624,6731,94.928,6731,0
6732,1.03333,6732,0.286577,6732,1,6732,0.317624,6732,94.928,6732,0
6733,1,6733,0.286577,6733,1,6733,0.317624,6733,94.928,6733,0
6734,1,6734,0.286577,6734,1,6734,0.317624,6734,94.928,6734,0
6735,1,6735,0.300248,6735,1,6735,0.317624,6735,94.928,6735,0
6736,1,6736,0.300248,6736,1,6736,0.317624,6736,95.3671,6736,0
6737,1.03333,6737,0.300248,6737,1,6737,0.317624,6737,94.928,6737,0
6738,1.03333,6738,0.300248,6738,1,6738,0.317624,6738,94.928,6738,0
6739,1.03333,6739,0.300248,6739,1,6739,0.317624,6739,94.928,6739,0
6740,1.03333,6740,0.300248,6740,1,6740,0.317624,6740,94.928,6740,0
6741,1,6741,0.327588,6741,1,6741,0.317624,6741,94.928,6741,0
6742,0.966667,6742,0.327588,6742,1,6742,0.317624,6742,94.928,6742,0
6743,1,6743,0.327588,6743,1,6743,0.317624,6743,94.928,6743,0
6744,1,6744,0.341259,6744,1,6744,0.317624,6744,94.928,6744,0
6745,0.966667,6745,0.354929,6745,1,6745,0.317624,6745,94.928,6745,0
6746,1,6746,0.354929,6746,1,6746,0.317624,6746,94.928,6746,0
6747,1,6747,0.354929,6747,1,6747,0.317624,6747,94.928,6747,0
6748,1.03333,6748,0.354929,6748,1,6748,0.317624,6748,94.928,6748,0
6749,1.03333,6749,0.354929,6749,1,6749,0.317624,6749,94.928,6749,0
6750,1,6750,0.354929,6750,1,6750,0.317624,6750,94.928,6750,0
6751,0.966667,6751,0.354929,6751,1,6751,0.317624,6751,94.928,6751,0
6752,0.933333,6752,0.354929,6752,1,6752,0.317624,6752,94.928,6752,0
6753,0.933333,6753,0.354929,6753,1,6753,0.317624,6753,94.928,6753,0
6754,1,6754,0.354929,6754,1,6754,0.317624,6754,94.928,6754,0
6755,0.966667,6755,0.341259,6755,1,6755,0.317624,6755,94.928,6755,0
6756,0.966667,6756,0.341259,6756,1,6756,0.317624,6756,94.928,6756,0
6757,1,6757,0.341259,6757,1,6757,0.317624,6757,94.928,6757,0
6758,1.03333,6758,0.341259,6758,1,6758,0.317624,6758,94.928,6758,0
6759,1.03333,6759,0.341259,6759,1,6759,0.317624,6759,94.928,6759,0
6760,1,6760,0.327588,6760,1,6760,0.317624,6760,94.928,6760,0
6761,0.966667,6761,0.286577,6761,1,6761,0.317624,6761,95.3671,6761,0
6762,1,6762,0.286577,6762,1,6762,0.317624,6762,95.3671,6762,0
6763,1.03333,6763,0.286577,6763,1,6763,0.317624,6763,95.3671,6763,0
6764,1.03333,6764,0.286577,6764,1,6764,0.317624,6764,95.3671,6764,0
6765,1.03333,6765,0.272907,6765,1,6765,0.317624,6765,95.3671,6765,0
6766,1,6766,0.272907,6766,1,6766,0.317624,6766,95.3671,6766,0
6767,1,6767,0.286577,6767,1,6767,0.317624,6767,95.3671,6767,0
6768,1.03333,6768,0.286577,6768,1,6768,0.317624,6768,95.3671,6768,0
6769,1,6769,0.286577,6769,1,6769,0.317624,6769,95.3671,6769,0
6770,1,6770,0.286577,6770,1,6770,0.317624,6770,95.3671,6770,0
6771,0.966667,6771,0.286577,6771,1,6771,0.317624,6771,95.3671,6771,0
6772,0.933333,6772,0.286577,6772,1,6772,0.317624,6772,95.3671,6772,0
6773,1,6773,0.286577,6773,1,6773,0.317624,6773,95.3671,6773,0
6774,1.03333,6774,0.286577,6774,1,6774,0.317624,6774,95.3671,6774,0
6775,1.03333,6775,0.300248,6775,1,6775,0.317624,6775,95.3671,6775,0
6776,1.03333,6776,0.300248,6776,1,6776,0.317624,6776,95.3671,6776,0
6777,1.06667,6777,0.313918,6777,1,6777,0.317624,6777,95.3671,6777,0
6778,1.03333,6778,0.313918,6778,1,6778,0.317624,6778,95.3671,6778,0
6779,1,6779,0.313918,6779,1,6779,0.317624,6779,95.3671,6779,0
6780,1,6780,0.313918,6780,1,6780,0.317624,6780,95.3671,6780,0
6781,1,6781,0.327588,6781,1,6781,0.317624,6781,95.3671,6781,0
6782,1.06667,6782,0.327588,6782,1,6782,0.317624,6782,95.3671,6782,0
6783,1.06667,6783,0.341259,6783,1,6783,0.317624,6783,95.3671,6783,0
6784,1.06667,6784,0.341259,6784,1,6784,0.317624,6784,94.928,6784,0
6785,1.06667,6785,0.341259,6785,1,6785,0.317624,6785,94.928,6785,0
6786,1.03333,6786,0.341259,6786,1,6786,0.317624,6786,94.928,6786,0
6787,1,6787,0.341259,6787,1,6787,0.317624,6787,94.928,6787,0
6788,1,6788,0.341259,6788,1,6788,0.317624,6788,94.928,6788,0
6789,1,6789,0.354929,6789,1,6789,0.317624,6789,94.928,6789,0
6790,0.933333,6790,0.354929,6790,1,6790,0.317624,6790,94.928,6790,0
6791,0.966667,6791,0.354929,6791,1,6791,0.317624,6791,94.928,6791,0
6792,1,6792,0.341259,6792,1,6792,0.317624,6792,94.928,6792,0
6793,1.03333,6793,0.341259,6793,1,6793,0.317624,6793,94.928,6793,0
6794,1,6794,0.341259,6794,1,6794,0.317624,6794,95.3671,6794,0
6795,1,6795,0.327588,6795,1,6795,0.317624,6795,95.3671,6795,0
6796,0.966667,6796,0.327588,6796,1,6796,0.317624,6796,95.3671,6796,0
6797,0.933333,6797,0.341259,6797,1,6797,0.317624,6797,95.3671,6797,0
6798,0.933333,6798,0.354929,6798,1,6798,0.317624,6798,95.3671,6798,0
6799,0.933333,6799,0.354929,6799,1,6799,0.317624,6799,95.3671,6799,0
6800,0.966667,6800,0.354929,6800,1,6800,0.317624,6800,95.3671,6800,0
6801,1,6801,0.3686,6801,1,6801,0.317624,6801,95.3671,6801,0
6802,1.03333,6802,0.3686,6802,1,6802,0.317624,6802,95.3671,6802,0
6803,1.06667,6803,0.3686,6803,1,6803,0.317624,6803,95.3671,6803,0
6804,1.06667,6804,0.3686,6804,1,6804,0.317624,6804,95.3671,6804,0
6805,1.03333,6805,0.354929,6805,1,6805,0.317624,6805,95.3671,6805,0
6806,1,6806,0.354929,6806,1,6806,0.317624,6806,95.3671,6806,0
6807,1,6807,0.3686,6807,1,6807,0.317624,6807,95.3671,6807,0
6808,1,6808,0.3686,6808,1,6808,0.317624,6808,95.3671,6808,0
6809,1.03333,6809,0.3686,6809,1,6809,0.317624,6809,95.3671,6809,0
6810,1,6810,0.354929,6810,1,6810,0.317624,6810,95.3671,6810,0
6811,1,6811,0.354929,6811,1,6811,0.317624,6811,95.3671,6811,0
6812,1.03333,6812,0.354929,6812,1,6812,0.317624,6812,95.3671,6812,0
6813,1.06667,6813,0.354929,6813,1,6813,0.317624,6813,95.8066,6813,0
6814,1.03333,6814,0.354929,6814,1,6814,0.317624,6814,95.3671,6814,0
6815,1.03333,6815,0.395941,6815,1,6815,0.317624,6815,95.3671,6815,0
6816,0.966667,6816,0.395941,6816,1,6816,0.317624,6816,95.8066,6816,0
6817,0.966667,6817,0.395941,6817,1,6817,0.317624,6817,95.8066,6817,0
6818,0.966667,6818,0.409611,6818,1,6818,0.317624,6818,95.3671,6818,0
6819,1,6819,0.409611,6819,1,6819,0.317624,6819,95.3671,6819,0
6820,1.03333,6820,0.395941,6820,1,6820,0.317624,6820,95.3671,6820,0
6821,1.03333,6821,0.409611,6821,1,6821,0.317624,6821,95.3671,6821,0
6822,1.03333,6822,0.409611,6822,1,6822,0.317624,6822,95.3671,6822,0
6823,1.03333,6823,0.409611,6823,1,6823,0.317624,6823,95.3671,6823,0
6824,1,6824,0.409611,6824,1,6824,0.317624,6824,95.3671,6824,0
6825,0.966667,6825,0.395941,6825,1,6825,0.317624,6825,95.3671,6825,0
6826,0.966667,6826,0.395941,6826,1,6826,0.317624,6826,95.3671,6826,0
6827,0.966667,6827,0.395941,6827,1,6827,0.317624,6827,95.3671,6827,0
6828,0.966667,6828,0.395941,6828,1,6828,0.317624,6828,95.3671,6828,0
6829,1,6829,0.38227,6829,1,6829,0.317624,6829,95.3671,6829,0
6830,1,6830,0.38227,6830,1,6830,0.317624,6830,95.3671,6830,0
6831,1.03333,6831,0.38227,6831,1,6831,0.317624,6831,95.3671,6831,0
6832,1.06667,6832,0.3686,6832,1,6832,0.317624,6832,95.3671,6832,0
6833,1.06667,6833,0.3686,6833,1,6833,0.317624,6833,95.3671,6833,0
6834,1,6834,0.3686,6834,1,6834,0.317624,6834,95.3671,6834,0
6835,0.966667,6835,0.3686,6835,1,6835,0.317624,6835,95.3671,6835,0
6836,0.966667,6836,0.354929,6836,1,6836,0.317624,6836,95.3671,6836,0
6837,1,6837,0.354929,6837,1,6837,0.317624,6837,95.3671,6837,0
6838,1,6838,0.3686,6838,1,6838,0.317624,6838,95.3671,6838,0
6839,1.03333,6839,0.3686,6839,1,6839,0.317624,6839,95.3671,6839,0
6840,1.06667,6840,0.38227,6840,1,6840,0.317624,6840,95.3671,6840,0
6841,1,6841,0.38227,6841,1,6841,0.317624,6841,95.3671,6841,0
6842,1.03333,6842,0.38227,6842,1,6842,0.317624,6842,95.3671,6842,0
6843,1.03333,6843,0.38227,6843,1,6843,0.317624,6843,95.3671,6843,0
6844,1,6844,0.38227,6844,1,6844,0.317624,6844,95.3671,6844,0
6845,0.933333,6845,0.38227,6845,1,6845,0.317624,6845,94.928,6845,0
6846,0.933333,6846,0.38227,6846,1,6846,0.317624,6846,94.928,6846,0
6847,0.933333,6847,0.395941,6847,1,6847,0.317624,6847,95.3671,6847,0
6848,0.966667,6848,0.38227,6848,1,6848,0.317624,6848,95.3671,6848,0
6849,1.03333,6849,0.38227,6849,1,6849,0.317624,6849,94.928,6849,0
6850,1.03333,6850,0.38227,6850,1,6850,0.317624,6850,94.928,6850,0
6851,1,6851,0.38227,6851,1,6851,0.317624,6851,94.928,6851,0
6852,1.03333,6852,0.38227,6852,1,6852,0.317624,6852,94.928,6852,0
6853,1.03333,6853,0.38227,6853,1,6853,0.317624,6853,94.928,6853,0
6854,0.966667,6854,0.38227,6854,1,6854,0.317624,6854,94.928,6854,0
6855,0.966667,6855,0.38227,6855,1,6855,0.317624,6855,94.928,6855,0
6856,0.966667,6856,0.395941,6856,1,6856,0.317624,6856,94.928,6856,0
6857,1.03333,6857,0.38227,6857,1,6857,0.317624,6857,94.928,6857,0
6858,1.03333,6858,0.38227,6858,1,6858,0.317624,6858,94.928,6858,0
6859,1.1,6859,0.3686,6859,1,6859,0.317624,6859,94.928,6859,0
6860,1.06667,6860,0.38227,6860,1,6860,0.317624,6860,94.928,6860,0
6861,1.06667,6861,0.38227,6861,1,6861,0.317624,6861,94.928,6861,0
6862,1.03333,6862,0.38227,6862,1,6862,0.317624,6862,94.928,6862,0
6863,1,6863,0.38227,6863,1,6863,0.317624,6863,94.928,6863,0
6864,1,6864,0.3686,6864,1,6864,0.317624,6864,94.928,6864,0
6865,0.933333,6865,0.3686,6865,1,6865,0.317624,6865,94.928,6865,1
6866,0.933333,6866,0.3686,6866,1,6866,0.317624,6866,94.928,6866,1
6867,0.966667,6867,0.3686,6867,1,6867,0.317624,6867,94.928,6867,1
6868,1,6868,0.354929,6868,1,6868,0.317624,6868,94.928,6868,1
6869,1.03333,6869,0.354929,6869,1,6869,0.317624,6869,94.928,6869,1
6870,1.03333,6870,0.313918,6870,1,6870,0.317624,6870,94.928,6870,1
6871,1,6871,0.313918,6871,1,6871,0.317624,6871,94.928,6871,1
6872,0.966667,6872,0.313918,6872,1,6872,0.317624,6872,94.928,6872,1
6873,1,6873,0.286577,6873,1,6873,0.317624,6873,94.928,6873,1
6874,1,6874,0.286577,6874,1,6874,0.317624,6874,94.928,6874,1
6875,1,6875,0.286577,6875,1,6875,0.317624,6875,94.928,6875,1
6876,1,6876,0.272907,6876,1,6876,0.317624,6876,94.928,6876,1
6877,1.03333,6877,0.272907,6877,1,6877,0.317624,6877,94.928,6877,1
6878,1.06667,6878,0.272907,6878,1,6878,0.317624,6878,94.928,6878,1
6879,1.06667,6879,0.272907,6879,1,6879,0.317624,6879,94.928,6879,1
6880,1.03333,6880,0.272907,6880,1,6880,0.317624,6880,94.928,6880,1
6881,1.03333,6881,0.272907,6881,1,6881,0.317624,6881,94.928,6881,1
6882,1,6882,0.272907,6882,1,6882,0.317624,6882,94.928,6882,1
6883,0.966667,6883,0.286577,6883,1,6883,0.317624,6883,94.928,6883,1
6884,0.966667,6884,0.272907,6884,1,6884,0.317624,6884,95.3671,6884,1
6885,0.933333,6885,0.272907,6885,1,6885,0.317624,6885,94.928,6885,1
6886,0.966667,6886,0.272907,6886,1,6886,0.317624,6886,94.928,6886,1
6887,1,6887,0.272907,6887,1,6887,0.317624,6887,95.3671,6887,1
6888,1,6888,0.272907,6888,1,6888,0.317624,6888,95.3671,6888,1
6889,1,6889,0.272907,6889,1,6889,0.317624,6889,95.3671,6889,1
6890,1,6890,0.300248,6890,1,6890,0.317624,6890,95.3671,6890,1
6891,0.966667,6891,0.313918,6891,1,6891,0.317624,6891,95.3671,6891,1
6892,0.933333,6892,0.313918,6892,1,6892,0.317624,6892,95.3671,6892,1
6893,1,6893,0.313918,6893,1,6893,0.317624,6893,95.3671,6893,1
6894,1,6894,0.313918,6894,1,6894,0.317624,6894,95.3671,6894,1
6895,1,6895,0.313918,6895,1,6895,0.317624,6895,95.3671,6895,1
6896,1,6896,0.313918,6896,1,6896,0.317624,6896,95.3671,6896,1
6897,1.03333,6897,0.313918,6897,1,6897,0.317624,6897,95.3671,6897,1
6898,1.03333,6898,0.313918,6898,1,6898,0.317624,6898,95.3671,6898,1
6899,1.03333,6899,0.313918,6899,1,6899,0.317624,6899,95.3671,6899,1
6900,1.03333,6900,0.313918,6900,1,6900,0.317624,6900,95.3671,6900,1
6901,1,6901,0.313918,6901,1,6901,0.317624,6901,95.3671,6901,1
6902,1,6902,0.313918,6902,1,6902,0.317624,6902,95.3671,6902,1
6903,1,6903,0.341259,6903,1,6903,0.317624,6903,95.3671,6903,1
6904,1,6904,0.341259,6904,1,6904,0.317624,6904,95.3671,6904,1
6905,1,6905,0.341259,6905,1,6905,0.317624,6905,95.3671,6905,1
6906,1.03333,6906,0.341259,6906,1,6906,0.317624,6906,95.3671,6906,1
6907,1.03333,6907,0.341259,6907,1,6907,0.317624,6907,95.3671,6907,1
6908,1.03333,6908,0.341259,6908,1,6908,0.317624,6908,95.3671,6908,1
6909,1.03333,6909,0.341259,6909,1,6909,0.317624,6909,95.3671,6909,1
6910,1,6910,0.341259,6910,1,6910,0.317624,6910,95.3671,6910,1
6911,0.966667,6911,0.354929,6911,1,6911,0.317624,6911,95.3671,6911,1
6912,1,6912,0.354929,6912,1,6912,0.317624,6912,95.3671,6912,1
6913,1,6913,0.354929,6913,1,6913,0.317624,6913,95.3671,6913,1
6914,1.03333,6914,0.354929,6914,1,6914,0.317624,6914,95.3671,6914,1
6915,1.03333,6915,0.3686,6915,1,6915,0.317624,6915,95.3671,6915,1
6916,1.03333,6916,0.38227,6916,1,6916,0.317624,6916,95.3671,6916,1
6917,1.03333,6917,0.38227,6917,1,6917,0.317624,6917,95.3671,6917,1
6918,1.03333,6918,0.38227,6918,1,6918,0.317624,6918,95.3671,6918,1
6919,1.03333,6919,0.395941,6919,1,6919,0.317624,6919,95.3671,6919,1
6920,0.966667,6920,0.395941,6920,1,6920,0.317624,6920,95.3671,6920,1
6921,0.933333,6921,0.409611,6921,1,6921,0.317624,6921,95.3671,6921,1
6922,0.933333,6922,0.409611,6922,1,6922,0.317624,6922,95.3671,6922,1
6923,0.966667,6923,0.395941,6923,1,6923,0.317624,6923,94.928,6923,1
6924,1,6924,0.395941,6924,1,6924,0.317624,6924,95.3671,6924,1
6925,1,6925,0.395941,6925,1,6925,0.317624,6925,94.928,6925,1
6926,1,6926,0.38227,6926,1,6926,0.317624,6926,94.928,6926,1
6927,1,6927,0.3686,6927,1,6927,0.317624,6927,94.928,6927,1
6928,1,6928,0.354929,6928,1,6928,0.317624,6928,94.928,6928,1
6929,1,6929,0.354929,6929,1,6929,0.317624,6929,94.928,6929,1
6930,1,6930,0.341259,6930,1,6930,0.317624,6930,94.928,6930,1
6931,0.966667,6931,0.313918,6931,1,6931,0.317624,6931,94.928,6931,1
6932,1,6932,0.300248,6932,1,6932,0.317624,6932,94.928,6932,1
6933,1.03333,6933,0.272907,6933,1,6933,0.317624,6933,94.928,6933,1
6934,1.06667,6934,0.272907,6934,1,6934,0.317624,6934,94.928,6934,1
6935,1.03333,6935,0.272907,6935,1,6935,0.317624,6935,94.928,6935,1
6936,1,6936,0.272907,6936,1,6936,0.317624,6936,94.928,6936,1
6937,1.03333,6937,0.341259,6937,1,6937,0.317624,6937,94.928,6937,1
6938,1.03333,6938,0.341259,6938,1,6938,0.317624,6938,94.928,6938,1
6939,1,6939,0.327588,6939,1,6939,0.317624,6939,94.928,6939,1
6940,0.966667,6940,0.313918,6940,1,6940,0.317624,6940,94.928,6940,1
6941,0.933333,6941,0.313918,6941,1,6941,0.317624,6941,94.928,6941,1
6942,0.966667,6942,0.313918,6942,1,6942,0.317624,6942,94.928,6942,1
6943,1.03333,6943,0.313918,6943,1,6943,0.317624,6943,94.928,6943,1
6944,1.03333,6944,0.313918,6944,1,6944,0.317624,6944,94.928,6944,1
6945,1.03333,6945,0.327588,6945,1,6945,0.317624,6945,94.928,6945,1
6946,1,6946,0.327588,6946,1,6946,0.317624,6946,94.928,6946,1
6947,1,6947,0.327588,6947,1,6947,0.317624,6947,94.928,6947,1
6948,1,6948,0.327588,6948,1,6948,0.317624,6948,94.928,6948,1
6949,1,6949,0.327588,6949,1,6949,0.317624,6949,94.928,6949,1
6950,1,6950,0.327588,6950,1,6950,0.317624,6950,94.928,6950,1
6951,1.03333,6951,0.3686,6951,1,6951,0.317624,6951,94.928,6951,1
6952,1.03333,6952,0.3686,6952,1,6952,0.317624,6952,94.928,6952,1
6953,1.06667,6953,0.3686,6953,1,6953,0.317624,6953,94.928,6953,1
6954,1.06667,6954,0.3686,6954,1,6954,0.317624,6954,94.928,6954,1
6955,1.03333,6955,0.3686,6955,1,6955,0.317624,6955,94.928,6955,1
6956,1,6956,0.3686,6956,1,6956,0.317624,6956,94.928,6956,1
6957,0.966667,6957,0.341259,6957,1,6957,0.317624,6957,94.928,6957,1
6958,0.966667,6958,0.327588,6958,1,6958,0.317624,6958,94.928,6958,1
6959,0.966667,6959,0.327588,6959,1,6959,0.317624,6959,94.928,6959,1
6960,1,6960,0.313918,6960,1,6960,0.317624,6960,94.928,6960,1
6961,1,6961,0.300248,6961,1,6961,0.317624,6961,94.928,6961,1
6962,1.03333,6962,0.300248,6962,1,6962,0.317624,6962,94.928,6962,1
6963,1.03333,6963,0.300248,6963,1,6963,0.317624,6963,94.928,6963,1
6964,1.03333,6964,0.300248,6964,1,6964,0.317624,6964,94.928,6964,1
6965,1,6965,0.327588,6965,1,6965,0.317624,6965,94.928,6965,1
6966,0.966667,6966,0.341259,6966,1,6966,0.317624,6966,94.928,6966,1
6967,0.933333,6967,0.341259,6967,1,6967,0.317624,6967,94.928,6967,1
6968,0.966667,6968,0.341259,6968,1,6968,0.317624,6968,94.928,6968,1
6969,1,6969,0.354929,6969,1,6969,0.317624,6969,94.928,6969,1
6970,1.03333,6970,0.354929,6970,1,6970,0.317624,6970,94.928,6970,1
6971,1.03333,6971,0.354929,6971,1,6971,0.317624,6971,94.928,6971,1
6972,1.03333,6972,0.3686,6972,1,6972,0.317624,6972,94.928,6972,1
6973,1.03333,6973,0.3686,6973,1,6973,0.317624,6973,94.928,6973,1
6974,1.06667,6974,0.38227,6974,1,6974,0.317624,6974,94.928,6974,1
6975,1,6975,0.38227,6975,1,6975,0.317624,6975,94.928,6975,1
6976,0.966667,6976,0.38227,6976,1,6976,0.317624,6976,94.928,6976,1
6977,0.933333,6977,0.38227,6977,1,6977,0.317624,6977,94.928,6977,1
6978,0.933333,6978,0.38227,6978,1,6978,0.317624,6978,94.928,6978,1
6979,0.966667,6979,0.38227,6979,1,6979,0.317624,6979,94.928,6979,1
6980,1,6980,0.354929,6980,1,6980,0.317624,6980,94.928,6980,1
6981,1.03333,6981,0.354929,6981,1,6981,0.317624,6981,94.928,6981,1
6982,1.06667,6982,0.354929,6982,1,6982,0.317624,6982,94.928,6982,1
6983,1.06667,6983,0.354929,6983,1,6983,0.317624,6983,94.928,6983,1
6984,1.03333,6984,0.354929,6984,1,6984,0.317624,6984,94.928,6984,1
6985,0.966667,6985,0.354929,6985,1,6985,0.317624,6985,94.928,6985,1
6986,0.933333,6986,0.354929,6986,1,6986,0.317624,6986,94.928,6986,1
6987,0.966667,6987,0.354929,6987,1,6987,0.317624,6987,94.928,6987,1
6988,1,6988,0.354929,6988,1,6988,0.317624,6988,94.928,6988,1
6989,1,6989,0.354929,6989,1,6989,0.317624,6989,94.928,6989,1
6990,1.06667,6990,0.354929,6990,1,6990,0.317624,6990,94.928,6990,1
6991,1.03333,6991,0.354929,6991,1,6991,0.317624,6991,94.928,6991,1
6992,1.03333,6992,0.354929,6992,1,6992,0.317624,6992,94.928,6992,1
6993,1.03333,6993,0.354929,6993,1,6993,0.317624,6993,94.928,6993,1
6994,1,6994,0.354929,6994,1,6994,0.317624,6994,94.928,6994,1
6995,0.933333,6995,0.354929,6995,1,6995,0.317624,6995,94.928,6995,1
6996,0.966667,6996,0.354929,6996,1,6996,0.317624,6996,94.928,6996,1
6997,0.966667,6997,0.341259,6997,1,6997,0.317624,6997,94.928,6997,1
6998,1,6998,0.327588,6998,1,6998,0.317624,6998,94.928,6998,1
6999,1,6999,0.327588,6999,1,6999,0.317624,6999,94.928,6999,1
7000,1.06667,7000,0.341259,7000,1,7000,0.317624,7000,94.928,7000,1
7001,1.03333,7001,0.341259,7001,1,7001,0.317624,7001,94.928,7001,1
7002,1.06667,7002,0.354929,7002,1,7002,0.317624,7002,94.928,7002,1
7003,1.03333,7003,0.354929,7003,1,7003,0.317624,7003,94.928,7003,1
7004,0.966667,7004,0.354929,7004,1,7004,0.317624,7004,94.928,7004,1
7005,0.933333,7005,0.354929,7005,1,7005,0.317624,7005,94.928,7005,1
7006,1,7006,0.354929,7006,1,7006,0.317624,7006,94.928,7006,1
7007,1,7007,0.354929,7007,1,7007,0.317624,7007,94.928,7007,1
7008,1.03333,7008,0.354929,7008,1,7008,0.317624,7008,94.928,7008,1
7009,1.06667,7009,0.354929,7009,1,7009,0.317624,7009,94.928,7009,1
7010,1.06667,7010,0.38227,7010,1,7010,0.317624,7010,94.928,7010,1
7011,1.03333,7011,0.38227,7011,1,7011,0.317624,7011,94.928,7011,1
7012,1.03333,7012,0.395941,7012,1,7012,0.317624,7012,94.928,7012,1
7013,1,7013,0.395941,7013,1,7013,0.317624,7013,94.928,7013,1
7014,0.966667,7014,0.395941,7014,1,7014,0.317624,7014,94.928,7014,1
7015,0.9,7015,0.395941,7015,1,7015,0.317624,7015,94.928,7015,1
7016,0.866667,7016,0.395941,7016,1,7016,0.317624,7016,94.928,7016,1
7017,0.9,7017,0.395941,7017,1,7017,0.317624,7017,94.928,7017,1
7018,0.933333,7018,0.395941,7018,1,7018,0.317624,7018,94.928,7018,1
7019,1,7019,0.395941,7019,1,7019,0.317624,7019,94.928,7019,1
7020,1.06667,7020,0.395941,7020,1,7020,0.317624,7020,94.928,7020,1
7021,1.03333,7021,0.395941,7021,1,7021,0.317624,7021,94.928,7021,1
7022,1.03333,7022,0.395941,7022,1,7022,0.317624,7022,94.928,7022,1
7023,1,7023,0.3686,7023,1,7023,0.317624,7023,95.3671,7023,1
7024,1,7024,0.3686,7024,1,7024,0.317624,7024,95.3671,7024,1
7025,1,7025,0.3686,7025,1,7025,0.317624,7025,95.3671,7025,1
7026,1.03333,7026,0.3686,7026,1,7026,0.317624,7026,95.3671,7026,1
7027,1.03333,7027,0.3686,7027,1,7027,0.317624,7027,95.3671,7027,1
7028,1.06667,7028,0.341259,7028,1,7028,0.317624,7028,95.3671,7028,1
7029,1.1,7029,0.341259,7029,1,7029,0.317624,7029,95.3671,7029,1
7030,1.1,7030,0.300248,7030,1,7030,0.317624,7030,95.3671,7030,1
7031,1.06667,7031,0.286577,7031,1,7031,0.317624,7031,95.3671,7031,1
7032,1.03333,7032,0.286577,7032,1,7032,0.317624,7032,94.928,7032,1
7033,1.03333,7033,0.286577,7033,1,7033,0.317624,7033,94.928,7033,1
7034,0.966667,7034,0.286577,7034,1,7034,0.317624,7034,95.3671,7034,1
7035,0.933333,7035,0.286577,7035,1,7035,0.317624,7035,95.3671,7035,1
7036,0.933333,7036,0.286577,7036,1,7036,0.317624,7036,95.3671,7036,1
7037,1,7037,0.286577,7037,1,7037,0.317624,7037,94.928,7037,1
7038,1,7038,0.300248,7038,1,7038,0.317624,7038,94.928,7038,1
7039,1.03333,7039,0.300248,7039,1,7039,0.317624,7039,94.928,7039,1
7040,1,7040,0.300248,7040,1,7040,0.317624,7040,94.928,7040,1
7041,1,7041,0.300248,7041,1,7041,0.317624,7041,94.928,7041,1
7042,0.966667,7042,0.300248,7042,1,7042,0.317624,7042,94.928,7042,1
7043,0.966667,7043,0.286577,7043,1,7043,0.317624,7043,94.928,7043,1
7044,1,7044,0.286577,7044,1,7044,0.317624,7044,94.928,7044,1
7045,1.03333,7045,0.313918,7045,1,7045,0.317624,7045,94.928,7045,1
7046,1,7046,0.286577,7046,1,7046,0.317624,7046,94.928,7046,1
7047,1.03333,7047,0.286577,7047,1,7047,0.317624,7047,94.928,7047,1
7048,1.06667,7048,0.286577,7048,1,7048,0.317624,7048,94.928,7048,1
7049,1.1,7049,0.286577,7049,1,7049,0.317624,7049,94.928,7049,1
7050,1.06667,7050,0.272907,7050,1,7050,0.317624,7050,94.928,7050,1
7051,1.03333,7051,0.272907,7051,1,7051,0.317624,7051,94.928,7051,1
7052,1,7052,0.272907,7052,1,7052,0.317624,7052,94.928,7052,1
7053,0.966667,7053,0.272907,7053,1,7053,0.317624,7053,94.928,7053,1
7054,0.966667,7054,0.272907,7054,1,7054,0.317624,7054,94.928,7054,1
7055,0.966667,7055,0.272907,7055,1,7055,0.317624,7055,94.928,7055,1
7056,1,7056,0.272907,7056,1,7056,0.317624,7056,94.928,7056,1
7057,1.03333,7057,0.272907,7057,1,7057,0.317624,7057,94.928,7057,1
7058,1.03333,7058,0.272907,7058,1,7058,0.317624,7058,94.928,7058,1
7059,1.03333,7059,0.286577,7059,1,7059,0.317624,7059,94.928,7059,1
7060,1,7060,0.286577,7060,1,7060,0.317624,7060,94.928,7060,1
7061,1,7061,0.286577,7061,1,7061,0.317624,7061,94.928,7061,1
7062,1,7062,0.286577,7062,1,7062,0.317624,7062,94.928,7062,1
7063,1.03333,7063,0.286577,7063,1,7063,0.317624,7063,94.928,7063,1
7064,1.03333,7064,0.286577,7064,1,7064,0.317624,7064,94.928,7064,1
7065,1.03333,7065,0.286577,7065,1,7065,0.317624,7065,94.928,7065,1
7066,1.06667,7066,0.286577,7066,1,7066,0.317624,7066,94.928,7066,1
7067,1.06667,7067,0.272907,7067,1,7067,0.317624,7067,94.928,7067,1
7068,1.03333,7068,0.272907,7068,1,7068,0.317624,7068,94.928,7068,1
7069,1.03333,7069,0.272907,7069,1,7069,0.317624,7069,94.928,7069,1
7070,1,7070,0.272907,7070,1,7070,0.317624,7070,94.928,7070,1
7071,0.966667,7071,0.272907,7071,1,7071,0.317624,7071,94.928,7071,1
7072,0.933333,7072,0.272907,7072,1,7072,0.317624,7072,94.928,7072,1
7073,0.966667,7073,0.286577,7073,1,7073,0.317624,7073,94.928,7073,1
7074,0.966667,7074,0.286577,7074,1,7074,0.317624,7074,95.3671,7074,1
7075,1,7075,0.286577,7075,1,7075,0.317624,7075,95.3671,7075,1
7076,1,7076,0.272907,7076,1,7076,0.317624,7076,94.928,7076,1
7077,1.03333,7077,0.286577,7077,1,7077,0.317624,7077,94.928,7077,1
7078,1,7078,0.286577,7078,1,7078,0.317624,7078,94.928,7078,1
7079,1,7079,0.286577,7079,1,7079,0.317624,7079,94.928,7079,1
7080,0.966667,7080,0.286577,7080,1,7080,0.317624,7080,94.928,7080,1
