Time - Measured Velocity,Spool Rev/Sec - Measured Velocity,Time - Measured Diameter,Diameter (mm) - Measured Diameter,Time - Target Velocity,Spool Rev/Sec - Target Velocity,Time - Predicted Diameter,Diameter (mm) - Predicted Diameter,Time - Temperature,Diameter (mm) - Temperature
94,0.533333,94,0.559985,94,0.5,94,0.449188,94,89.6821
95,0.566667,95,0.559985,95,0.5,95,0.449188,95,89.6821
96,0.566667,96,0.559985,96,0.5,96,0.449188,96,89.6821
97,0.566667,97,0.546315,97,0.5,97,0.449188,97,89.6821
98,0.6,98,0.546315,98,0.5,98,0.449188,98,89.6821
99,0.566667,99,0.546315,99,0.5,99,0.449188,99,89.6821
100,0.566667,100,0.546315,100,0.5,100,0.449188,100,89.6821
101,0.533333,101,0.546315,101,0.5,101,0.449188,101,89.6821
102,0.466667,102,0.546315,102,0.5,102,0.449188,102,90.1176
103,0.433333,103,0.532645,103,0.5,103,0.449188,103,90.5534
104,0.433333,104,0.532645,104,0.5,104,0.449188,104,90.5534
105,0.366667,105,0.532645,105,0.5,105,0.449188,105,90.5534
106,0.366667,106,0.518974,106,0.5,106,0.449188,106,90.5534
107,0.366667,107,0.518974,107,0.5,107,0.449188,107,90.5534
108,0.4,108,0.518974,108,0.5,108,0.449188,108,90.5534
109,0.4,109,0.518974,109,0.5,109,0.449188,109,90.5534
110,0.433333,110,0.518974,110,0.5,110,0.449188,110,90.5534
111,0.466667,111,0.518974,111,0.5,111,0.449188,111,90.5534
112,0.533333,112,0.518974,112,0.5,112,0.449188,112,90.5534
113,0.566667,113,0.518974,113,0.5,113,0.449188,113,90.5534
114,0.6,114,0.518974,114,0.5,114,0.449188,114,90.5534
115,0.6,115,0.518974,115,0.5,115,0.449188,115,90.5534
116,0.666667,116,0.518974,116,0.5,116,0.449188,116,90.5534
117,0.666667,117,0.518974,117,0.5,117,0.449188,117,90.5534
118,0.666667,118,0.518974,118,0.5,118,0.449188,118,90.1176
119,0.6,119,0.505304,119,0.5,119,0.449188,119,90.5534
120,0.566667,120,0.505304,120,0.5,120,0.449188,120,90.1176
121,0.5,121,0.505304,121,0.5,121,0.449188,121,90.1176
122,0.433333,122,0.491633,122,0.5,122,0.449188,122,90.1176
123,0.4,123,0.477963,123,0.5,123,0.449188,123,90.1176
124,0.333333,124,0.464293,124,0.5,124,0.449188,124,90.1176
125,0.366667,125,0.464293,125,0.5,125,0.449188,125,90.1176
126,0.4,126,0.464293,126,0.5,126,0.449188,126,90.1176
127,0.433333,127,0.464293,127,0.5,127,0.449188,127,90.1176
128,0.466667,128,0.450622,128,0.5,128,0.449188,128,90.1176
129,0.466667,129,0.450622,129,0.5,129,0.449188,129,90.1176
130,0.5,130,0.450622,130,0.5,130,0.449188,130,90.1176
131,0.533333,131,0.436952,131,0.5,131,0.449188,131,90.1176
132,0.566667,132,0.436952,132,0.5,132,0.449188,132,90.1176
133,0.566667,133,0.436952,133,0.5,133,0.449188,133,90.1176
134,0.566667,134,0.436952,134,0.5,134,0.449188,134,90.1176
135,0.6,135,0.436952,135,0.5,135,0.449188,135,90.1176
136,0.633333,136,0.423281,136,0.5,136,0.449188,136,90.1176
137,0.566667,137,0.409611,137,0.5,137,0.449188,137,90.1176
138,0.566667,138,0.409611,138,0.5,138,0.449188,138,90.1176
139,0.5,139,0.409611,139,0.5,139,0.449188,139,90.1176
140,0.466667,140,0.409611,140,0.5,140,0.449188,140,90.1176
141,0.433333,141,0.409611,141,0.5,141,0.449188,141,90.1176
142,0.4,142,0.409611,142,0.5,142,0.449188,142,89.6821
143,0.4,143,0.409611,143,0.5,143,0.449188,143,89.6821
144,0.366667,144,0.409611,144,0.5,144,0.449188,144,89.6821
145,0.333333,145,0.423281,145,0.5,145,0.449188,145,89.6821
146,0.366667,146,0.423281,146,0.5,146,0.449188,146,89.6821
147,0.4,147,0.423281,147,0.5,147,0.449188,147,89.6821
148,0.433333,148,0.450622,148,0.5,148,0.449188,148,89.6821
149,0.466667,149,0.464293,149,0.5,149,0.449188,149,89.6821
150,0.533333,150,0.464293,150,0.5,150,0.449188,150,89.6821
151,0.6,151,0.464293,151,0.5,151,0.449188,151,89.6821
152,0.633333,152,0.464293,152,0.5,152,0.449188,152,89.6821
153,0.666667,153,0.464293,153,0.5,153,0.449188,153,89.6821
154,0.7,154,0.464293,154,0.5,154,0.449188,154,89.6821
155,0.666667,155,0.450622,155,0.5,155,0.449188,155,89.6821
156,0.633333,156,0.450622,156,0.5,156,0.449188,156,89.6821
157,0.566667,157,0.450622,157,0.5,157,0.449188,157,89.6821
158,0.566667,158,0.450622,158,0.5,158,0.449188,158,89.6821
159,0.466667,159,0.450622,159,0.5,159,0.449188,159,89.6821
160,0.466667,160,0.450622,160,0.5,160,0.449188,160,89.6821
161,0.366667,161,0.450622,161,0.5,161,0.449188,161,89.6821
162,0.366667,162,0.450622,162,0.5,162,0.449188,162,89.6821
163,0.4,163,0.450622,163,0.5,163,0.449188,163,89.6821
164,0.4,164,0.464293,164,0.5,164,0.449188,164,89.6821
165,0.4,165,0.464293,165,0.5,165,0.449188,165,89.6821
166,0.466667,166,0.464293,166,0.5,166,0.449188,166,89.6821
167,0.5,167,0.464293,167,0.5,167,0.449188,167,89.6821
168,0.5,168,0.464293,168,0.5,168,0.449188,168,89.6821
169,0.533333,169,0.464293,169,0.5,169,0.449188,169,89.6821
170,0.6,170,0.464293,170,0.5,170,0.449188,170,89.6821
171,0.6,171,0.464293,171,0.5,171,0.449188,171,89.6821
172,0.6,172,0.464293,172,0.5,172,0.449188,172,89.6821
173,0.6,173,0.464293,173,0.5,173,0.449188,173,89.6821
174,0.633333,174,0.450622,174,0.5,174,0.449188,174,89.6821
175,0.633333,175,0.436952,175,0.5,175,0.449188,175,89.6821
176,0.566667,176,0.436952,176,0.5,176,0.449188,176,89.6821
177,0.5,177,0.436952,177,0.5,177,0.449188,177,89.6821
178,0.466667,178,0.450622,178,0.5,178,0.449188,178,89.6821
179,0.4,179,0.450622,179,0.5,179,0.449188,179,89.6821
180,0.366667,180,0.450622,180,0.5,180,0.449188,180,89.6821
181,0.333333,181,0.450622,181,0.5,181,0.449188,181,89.6821
182,0.333333,182,0.464293,182,0.5,182,0.449188,182,89.6821
183,0.333333,183,0.477963,183,0.5,183,0.449188,183,89.6821
184,0.366667,184,0.477963,184,0.5,184,0.449188,184,89.6821
185,0.4,185,0.491633,185,0.5,185,0.449188,185,89.6821
186,0.433333,186,0.491633,186,0.5,186,0.449188,186,89.6821
187,0.466667,187,0.491633,187,0.5,187,0.449188,187,89.6821
188,0.533333,188,0.491633,188,0.5,188,0.449188,188,89.6821
189,0.6,189,0.491633,189,0.5,189,0.449188,189,90.1176
190,0.633333,190,0.491633,190,0.5,190,0.449188,190,89.6821
191,0.7,191,0.491633,191,0.5,191,0.449188,191,89.6821
192,0.7,192,0.491633,192,0.5,192,0.449188,192,90.1176
193,0.666667,193,0.477963,193,0.5,193,0.449188,193,90.1176
194,0.666667,194,0.464293,194,0.5,194,0.449188,194,90.1176
195,0.6,195,0.464293,195,0.5,195,0.449188,195,90.1176
196,0.533333,196,0.464293,196,0.5,196,0.449188,196,90.1176
197,0.5,197,0.464293,197,0.5,197,0.449188,197,90.1176
198,0.466667,198,0.464293,198,0.5,198,0.449188,198,90.1176
199,0.4,199,0.491633,199,0.5,199,0.449188,199,90.1176
200,0.4,200,0.491633,200,0.5,200,0.449188,200,90.1176
201,0.4,201,0.491633,201,0.5,201,0.449188,201,90.1176
202,0.4,202,0.505304,202,0.5,202,0.449188,202,90.1176
203,0.4,203,0.505304,203,0.5,203,0.449188,203,90.1176
204,0.433333,204,0.518974,204,0.5,204,0.449188,204,90.1176
205,0.466667,205,0.532645,205,0.5,205,0.449188,205,90.1176
206,0.466667,206,0.518974,206,0.5,206,0.449188,206,90.1176
207,0.5,207,0.518974,207,0.5,207,0.449188,207,90.1176
208,0.533333,208,0.518974,208,0.5,208,0.449188,208,90.1176
209,0.6,209,0.518974,209,0.5,209,0.449188,209,90.1176
210,0.6,210,0.518974,210,0.5,210,0.449188,210,90.1176
211,0.633333,211,0.518974,211,0.5,211,0.449188,211,90.1176
212,0.6,212,0.518974,212,0.5,212,0.449188,212,90.1176
213,0.566667,213,0.518974,213,0.5,213,0.449188,213,90.1176
214,0.566667,214,0.518974,214,0.5,214,0.449188,214,90.1176
215,0.5,215,0.518974,215,0.5,215,0.449188,215,90.1176
216,0.466667,216,0.518974,216,0.5,216,0.449188,216,90.1176
217,0.433333,217,0.518974,217,0.5,217,0.449188,217,90.1176
218,0.433333,218,0.491633,218,0.5,218,0.449188,218,90.1176
219,0.366667,219,0.477963,219,0.5,219,0.449188,219,90.1176
220,0.366667,220,0.477963,220,0.5,220,0.449188,220,90.1176
221,0.366667,221,0.464293,221,0.5,221,0.449188,221,90.1176
222,0.4,222,0.464293,222,0.5,222,0.449188,222,90.1176
223,0.4,223,0.464293,223,0.5,223,0.449188,223,90.1176
224,0.433333,224,0.464293,224,0.5,224,0.449188,224,90.1176
225,0.5,225,0.464293,225,0.5,225,0.449188,225,90.1176
226,0.533333,226,0.464293,226,0.5,226,0.449188,226,90.1176
227,0.566667,227,0.491633,227,0.5,227,0.449188,227,90.1176
228,0.633333,228,0.491633,228,0.5,228,0.449188,228,90.1176
229,0.666667,229,0.491633,229,0.5,229,0.449188,229,90.1176
230,0.666667,230,0.491633,230,0.5,230,0.449188,230,90.1176
231,0.633333,231,0.491633,231,0.5,231,0.449188,231,90.1176
232,0.6,232,0.491633,232,0.5,232,0.449188,232,90.1176
233,0.533333,233,0.491633,233,0.5,233,0.449188,233,90.1176
234,0.5,234,0.477963,234,0.5,234,0.449188,234,90.1176
235,0.466667,235,0.477963,235,0.5,235,0.449188,235,90.1176
236,0.433333,236,0.477963,236,0.5,236,0.449188,236,90.1176
237,0.433333,237,0.464293,237,0.5,237,0.449188,237,90.1176
238,0.466667,238,0.464293,238,0.5,238,0.449188,238,90.1176
239,0.466667,239,0.464293,239,0.5,239,0.449188,239,90.5534
240,0.433333,240,0.464293,240,0.5,240,0.449188,240,90.5534
241,0.433333,241,0.464293,241,0.5,241,0.449188,241,90.5534
242,0.433333,242,0.477963,242,0.5,242,0.449188,242,90.5534
243,0.466667,243,0.477963,243,0.5,243,0.449188,243,90.5534
244,0.466667,244,0.464293,244,0.5,244,0.449188,244,90.5534
245,0.5,245,0.464293,245,0.5,245,0.449188,245,90.5534
246,0.533333,246,0.464293,246,0.5,246,0.449188,246,90.5534
247,0.533333,247,0.464293,247,0.5,247,0.449188,247,90.5534
248,0.6,248,0.464293,248,0.5,248,0.449188,248,90.5534
249,0.6,249,0.464293,249,0.5,249,0.449188,249,90.5534
250,0.6,250,0.450622,250,0.5,250,0.449188,250,90.5534
251,0.566667,251,0.450622,251,0.5,251,0.449188,251,90.5534
252,0.533333,252,0.450622,252,0.5,252,0.449188,252,90.5534
253,0.466667,253,0.450622,253,0.5,253,0.449188,253,90.5534
254,0.466667,254,0.450622,254,0.5,254,0.449188,254,90.5534
255,0.466667,255,0.450622,255,0.5,255,0.449188,255,90.5534
256,0.433333,256,0.450622,256,0.5,256,0.449188,256,90.5534
257,0.4,257,0.450622,257,0.5,257,0.449188,257,90.5534
258,0.4,258,0.450622,258,0.5,258,0.449188,258,90.5534
259,0.4,259,0.450622,259,0.5,259,0.449188,259,90.5534
260,0.433333,260,0.450622,260,0.5,260,0.449188,260,90.5534
261,0.433333,261,0.450622,261,0.5,261,0.449188,261,90.1176
262,0.466667,262,0.450622,262,0.5,262,0.449188,262,90.5534
263,0.533333,263,0.450622,263,0.5,263,0.449188,263,90.5534
264,0.533333,264,0.464293,264,0.5,264,0.449188,264,90.1176
265,0.566667,265,0.464293,265,0.5,265,0.449188,265,90.1176
266,0.6,266,0.464293,266,0.5,266,0.449188,266,90.1176
267,0.6,267,0.464293,267,0.5,267,0.449188,267,90.1176
268,0.633333,268,0.464293,268,0.5,268,0.449188,268,90.1176
269,0.6,269,0.464293,269,0.5,269,0.449188,269,90.1176
270,0.533333,270,0.464293,270,0.5,270,0.449188,270,90.1176
271,0.533333,271,0.464293,271,0.5,271,0.449188,271,90.1176
272,0.466667,272,0.464293,272,0.5,272,0.449188,272,90.1176
273,0.433333,273,0.464293,273,0.5,273,0.449188,273,90.1176
274,0.4,274,0.450622,274,0.5,274,0.449188,274,90.1176
275,0.433333,275,0.450622,275,0.5,275,0.449188,275,90.1176
276,0.433333,276,0.450622,276,0.5,276,0.449188,276,90.1176
277,0.433333,277,0.436952,277,0.5,277,0.449188,277,90.1176
278,0.466667,278,0.436952,278,0.5,278,0.449188,278,90.1176
279,0.466667,279,0.436952,279,0.5,279,0.449188,279,90.1176
280,0.433333,280,0.423281,280,0.5,280,0.449188,280,90.1176
281,0.5,281,0.436952,281,0.5,281,0.449188,281,90.1176
282,0.533333,282,0.423281,282,0.5,282,0.449188,282,90.1176
283,0.533333,283,0.423281,283,0.5,283,0.449188,283,90.1176
284,0.566667,284,0.423281,284,0.5,284,0.449188,284,90.1176
285,0.533333,285,0.423281,285,0.5,285,0.449188,285,90.1176
286,0.566667,286,0.423281,286,0.5,286,0.449188,286,90.1176
287,0.566667,287,0.423281,287,0.5,287,0.449188,287,90.1176
288,0.566667,288,0.436952,288,0.5,288,0.449188,288,90.1176
289,0.533333,289,0.436952,289,0.5,289,0.449188,289,90.1176
290,0.5,290,0.436952,290,0.5,290,0.449188,290,90.1176
291,0.466667,291,0.450622,291,0.5,291,0.449188,291,90.1176
292,0.433333,292,0.450622,292,0.5,292,0.449188,292,90.1176
293,0.4,293,0.450622,293,0.5,293,0.449188,293,90.1176
294,0.4,294,0.450622,294,0.5,294,0.449188,294,90.1176
295,0.366667,295,0.450622,295,0.5,295,0.449188,295,90.1176
296,0.366667,296,0.464293,296,0.5,296,0.449188,296,90.1176
297,0.4,297,0.464293,297,0.5,297,0.449188,297,90.1176
298,0.466667,298,0.464293,298,0.5,298,0.449188,298,90.1176
299,0.5,299,0.464293,299,0.5,299,0.449188,299,90.1176
300,0.533333,300,0.464293,300,0.5,300,0.449188,300,90.1176
301,0.566667,301,0.464293,301,0.5,301,0.449188,301,90.1176
302,0.6,302,0.464293,302,0.5,302,0.449188,302,90.1176
303,0.6,303,0.464293,303,0.5,303,0.449188,303,90.1176
304,0.633333,304,0.464293,304,0.5,304,0.449188,304,90.1176
305,0.633333,305,0.464293,305,0.5,305,0.449188,305,90.1176
306,0.6,306,0.450622,306,0.5,306,0.449188,306,90.1176
307,0.566667,307,0.450622,307,0.5,307,0.449188,307,90.1176
308,0.533333,308,0.436952,308,0.5,308,0.449188,308,90.1176
309,0.5,309,0.436952,309,0.5,309,0.449188,309,90.1176
310,0.466667,310,0.436952,310,0.5,310,0.449188,310,90.5534
311,0.466667,311,0.436952,311,0.5,311,0.449188,311,90.5534
312,0.433333,312,0.436952,312,0.5,312,0.449188,312,90.5534
313,0.433333,313,0.436952,313,0.5,313,0.449188,313,90.5534
314,0.433333,314,0.436952,314,0.5,314,0.449188,314,90.5534
315,0.466667,315,0.450622,315,0.5,315,0.449188,315,90.5534
316,0.5,316,0.464293,316,0.5,316,0.449188,316,90.5534
317,0.466667,317,0.464293,317,0.5,317,0.449188,317,90.5534
318,0.5,318,0.464293,318,0.5,318,0.449188,318,90.5534
319,0.533333,319,0.477963,319,0.5,319,0.449188,319,90.5534
320,0.566667,320,0.477963,320,0.5,320,0.449188,320,90.5534
321,0.533333,321,0.477963,321,0.5,321,0.449188,321,90.5534
322,0.566667,322,0.477963,322,0.5,322,0.449188,322,90.1176
323,0.566667,323,0.477963,323,0.5,323,0.449188,323,90.1176
324,0.566667,324,0.477963,324,0.5,324,0.449188,324,90.1176
325,0.533333,325,0.477963,325,0.5,325,0.449188,325,90.1176
326,0.5,326,0.477963,326,0.5,326,0.449188,326,90.1176
327,0.5,327,0.477963,327,0.5,327,0.449188,327,90.1176
328,0.466667,328,0.477963,328,0.5,328,0.449188,328,90.1176
329,0.433333,329,0.477963,329,0.5,329,0.449188,329,90.1176
330,0.433333,330,0.491633,330,0.5,330,0.449188,330,90.1176
331,0.4,331,0.491633,331,0.5,331,0.449188,331,90.1176
332,0.4,332,0.491633,332,0.5,332,0.449188,332,90.1176
333,0.4,333,0.491633,333,0.5,333,0.449188,333,90.1176
334,0.4,334,0.491633,334,0.5,334,0.449188,334,90.1176
335,0.433333,335,0.491633,335,0.5,335,0.449188,335,90.1176
336,0.466667,336,0.491633,336,0.5,336,0.449188,336,90.1176
337,0.5,337,0.491633,337,0.5,337,0.449188,337,90.1176
338,0.566667,338,0.491633,338,0.5,338,0.449188,338,90.1176
339,0.6,339,0.491633,339,0.5,339,0.449188,339,90.1176
340,0.633333,340,0.491633,340,0.5,340,0.449188,340,90.1176
341,0.633333,341,0.464293,341,0.5,341,0.449188,341,90.1176
342,0.633333,342,0.464293,342,0.5,342,0.449188,342,90.5534
343,0.6,343,0.464293,343,0.5,343,0.449188,343,90.5534
344,0.6,344,0.450622,344,0.5,344,0.449188,344,90.5534
345,0.533333,345,0.450622,345,0.5,345,0.449188,345,90.5534
346,0.533333,346,0.450622,346,0.5,346,0.449188,346,90.5534
347,0.466667,347,0.450622,347,0.5,347,0.449188,347,90.5534
348,0.433333,348,0.450622,348,0.5,348,0.449188,348,90.5534
349,0.433333,349,0.450622,349,0.5,349,0.449188,349,90.5534
350,0.466667,350,0.450622,350,0.5,350,0.449188,350,90.5534
351,0.433333,351,0.450622,351,0.5,351,0.449188,351,90.5534
352,0.433333,352,0.464293,352,0.5,352,0.449188,352,90.5534
353,0.433333,353,0.464293,353,0.5,353,0.449188,353,90.5534
354,0.433333,354,0.464293,354,0.5,354,0.449188,354,90.5534
355,0.466667,355,0.464293,355,0.5,355,0.449188,355,90.5534
356,0.466667,356,0.464293,356,0.5,356,0.449188,356,90.5534
357,0.533333,357,0.464293,357,0.5,357,0.449188,357,90.5534
358,0.566667,358,0.477963,358,0.5,358,0.449188,358,90.5534
359,0.566667,359,0.477963,359,0.5,359,0.449188,359,90.5534
360,0.6,360,0.477963,360,0.5,360,0.449188,360,90.5534
361,0.6,361,0.477963,361,0.5,361,0.449188,361,90.5534
362,0.6,362,0.477963,362,0.5,362,0.449188,362,90.5534
363,0.566667,363,0.477963,363,0.5,363,0.449188,363,90.5534
364,0.5,364,0.477963,364,0.5,364,0.449188,364,90.5534
365,0.5,365,0.477963,365,0.5,365,0.449188,365,90.5534
366,0.466667,366,0.477963,366,0.5,366,0.449188,366,90.1176
367,0.433333,367,0.477963,367,0.5,367,0.449188,367,90.1176
368,0.4,368,0.477963,368,0.5,368,0.449188,368,90.1176
369,0.433333,369,0.477963,369,0.5,369,0.449188,369,90.1176
370,0.4,370,0.477963,370,0.5,370,0.449188,370,90.1176
371,0.433333,371,0.477963,371,0.5,371,0.449188,371,90.1176
372,0.433333,372,0.477963,372,0.5,372,0.449188,372,90.1176
373,0.466667,373,0.477963,373,0.5,373,0.449188,373,90.1176
374,0.5,374,0.477963,374,0.5,374,0.449188,374,90.1176
375,0.533333,375,0.477963,375,0.5,375,0.449188,375,90.1176
376,0.566667,376,0.477963,376,0.5,376,0.449188,376,90.1176
377,0.6,377,0.477963,377,0.5,377,0.449188,377,90.1176
378,0.6,378,0.477963,378,0.5,378,0.449188,378,90.1176
379,0.633333,379,0.477963,379,0.5,379,0.449188,379,90.1176
380,0.633333,380,0.477963,380,0.5,380,0.449188,380,90.1176
381,0.566667,381,0.477963,381,0.5,381,0.449188,381,90.1176
382,0.5,382,0.477963,382,0.5,382,0.449188,382,90.1176
383,0.5,383,0.477963,383,0.5,383,0.449188,383,90.1176
384,0.466667,384,0.477963,384,0.5,384,0.449188,384,90.1176
385,0.433333,385,0.477963,385,0.5,385,0.449188,385,90.1176
386,0.433333,386,0.477963,386,0.5,386,0.449188,386,90.1176
387,0.466667,387,0.477963,387,0.5,387,0.449188,387,90.1176
388,0.466667,388,0.477963,388,0.5,388,0.449188,388,90.1176
389,0.5,389,0.477963,389,0.5,389,0.449188,389,90.1176
390,0.5,390,0.477963,390,0.5,390,0.449188,390,90.1176
391,0.5,391,0.477963,391,0.5,391,0.449188,391,90.1176
392,0.533333,392,0.477963,392,0.5,392,0.449188,392,90.1176
393,0.5,393,0.477963,393,0.5,393,0.449188,393,90.1176
394,0.533333,394,0.477963,394,0.5,394,0.449188,394,90.1176
395,0.533333,395,0.464293,395,0.5,395,0.449188,395,90.1176
396,0.533333,396,0.464293,396,0.5,396,0.449188,396,90.1176
397,0.566667,397,0.464293,397,0.5,397,0.449188,397,90.1176
398,0.633333,398,0.464293,398,0.5,398,0.449188,398,90.1176
399,0.566667,399,0.464293,399,0.5,399,0.449188,399,90.1176
400,0.533333,400,0.464293,400,0.5,400,0.449188,400,90.1176
401,0.5,401,0.464293,401,0.5,401,0.449188,401,90.1176
402,0.466667,402,0.477963,402,0.5,402,0.449188,402,90.1176
403,0.433333,403,0.477963,403,0.5,403,0.449188,403,90.1176
404,0.366667,404,0.477963,404,0.5,404,0.449188,404,90.1176
405,0.366667,405,0.477963,405,0.5,405,0.449188,405,90.1176
406,0.4,406,0.477963,406,0.5,406,0.449188,406,90.1176
407,0.366667,407,0.477963,407,0.5,407,0.449188,407,90.1176
408,0.433333,408,0.477963,408,0.5,408,0.449188,408,90.1176
409,0.433333,409,0.477963,409,0.5,409,0.449188,409,90.1176
410,0.466667,410,0.477963,410,0.5,410,0.449188,410,90.1176
411,0.5,411,0.477963,411,0.5,411,0.449188,411,90.1176
412,0.566667,412,0.491633,412,0.5,412,0.449188,412,90.1176
413,0.566667,413,0.477963,413,0.5,413,0.449188,413,90.1176
414,0.6,414,0.477963,414,0.5,414,0.449188,414,90.1176
415,0.633333,415,0.477963,415,0.5,415,0.449188,415,90.1176
416,0.633333,416,0.491633,416,0.5,416,0.449188,416,90.1176
417,0.633333,417,0.491633,417,0.5,417,0.449188,417,90.1176
418,0.6,418,0.491633,418,0.5,418,0.449188,418,90.1176
419,0.566667,419,0.491633,419,0.5,419,0.449188,419,90.1176
420,0.533333,420,0.491633,420,0.5,420,0.449188,420,90.1176
421,0.466667,421,0.491633,421,0.5,421,0.449188,421,90.5534
422,0.433333,422,0.491633,422,0.5,422,0.449188,422,90.5534
423,0.366667,423,0.491633,423,0.5,423,0.449188,423,90.1176
424,0.4,424,0.491633,424,0.5,424,0.449188,424,90.1176
425,0.4,425,0.491633,425,0.5,425,0.449188,425,90.1176
426,0.4,426,0.491633,426,0.5,426,0.449188,426,90.1176
427,0.5,427,0.491633,427,0.5,427,0.449188,427,90.1176
428,0.5,428,0.491633,428,0.5,428,0.449188,428,90.1176
429,0.5,429,0.491633,429,0.5,429,0.449188,429,90.1176
430,0.533333,430,0.491633,430,0.5,430,0.449188,430,90.1176
431,0.566667,431,0.491633,431,0.5,431,0.449188,431,90.1176
432,0.566667,432,0.491633,432,0.5,432,0.449188,432,90.1176
433,0.6,433,0.491633,433,0.5,433,0.449188,433,90.1176
434,0.6,434,0.491633,434,0.5,434,0.449188,434,90.1176
435,0.633333,435,0.491633,435,0.5,435,0.449188,435,90.1176
436,0.6,436,0.491633,436,0.5,436,0.449188,436,90.1176
437,0.6,437,0.491633,437,0.5,437,0.449188,437,90.1176
438,0.533333,438,0.491633,438,0.5,438,0.449188,438,90.1176
439,0.466667,439,0.491633,439,0.5,439,0.449188,439,90.1176
440,0.433333,440,0.491633,440,0.5,440,0.449188,440,90.1176
441,0.4,441,0.491633,441,0.5,441,0.449188,441,90.1176
442,0.366667,442,0.491633,442,0.5,442,0.449188,442,90.1176
443,0.333333,443,0.491633,443,0.5,443,0.449188,443,90.1176
444,0.366667,444,0.491633,444,0.5,444,0.449188,444,90.1176
445,0.333333,445,0.505304,445,0.5,445,0.449188,445,90.1176
446,0.4,446,0.505304,446,0.5,446,0.449188,446,90.1176
447,0.433333,447,0.505304,447,0.5,447,0.449188,447,89.6821
448,0.466667,448,0.505304,448,0.5,448,0.449188,448,89.6821
449,0.5,449,0.518974,449,0.5,449,0.449188,449,89.6821
450,0.566667,450,0.518974,450,0.5,450,0.449188,450,90.1176
451,0.633333,451,0.518974,451,0.5,451,0.449188,451,90.1176
452,0.666667,452,0.518974,452,0.5,452,0.449188,452,89.6821
453,0.666667,453,0.518974,453,0.5,453,0.449188,453,89.6821
454,0.666667,454,0.532645,454,0.5,454,0.449188,454,89.6821
455,0.666667,455,0.532645,455,0.5,455,0.449188,455,89.6821
456,0.666667,456,0.518974,456,0.5,456,0.449188,456,89.6821
457,0.566667,457,0.518974,457,0.5,457,0.449188,457,89.6821
458,0.533333,458,0.505304,458,0.5,458,0.449188,458,89.6821
459,0.466667,459,0.505304,459,0.5,459,0.449188,459,89.6821
460,0.433333,460,0.505304,460,0.5,460,0.449188,460,89.6821
461,0.366667,461,0.491633,461,0.5,461,0.449188,461,89.6821
462,0.366667,462,0.491633,462,0.5,462,0.449188,462,89.6821
463,0.4,463,0.491633,463,0.5,463,0.449188,463,89.6821
464,0.4,464,0.491633,464,0.5,464,0.449188,464,89.6821
465,0.433333,465,0.477963,465,0.5,465,0.449188,465,89.6821
466,0.5,466,0.477963,466,0.5,466,0.449188,466,89.6821
467,0.5,467,0.477963,467,0.5,467,0.449188,467,89.6821
468,0.5,468,0.477963,468,0.5,468,0.449188,468,89.6821
469,0.533333,469,0.477963,469,0.5,469,0.449188,469,89.6821
470,0.6,470,0.477963,470,0.5,470,0.449188,470,89.6821
471,0.6,471,0.477963,471,0.5,471,0.449188,471,89.6821
472,0.633333,472,0.477963,472,0.5,472,0.449188,472,89.6821
473,0.6,473,0.477963,473,0.5,473,0.449188,473,89.6821
474,0.6,474,0.477963,474,0.5,474,0.449188,474,89.6821
475,0.6,475,0.477963,475,0.5,475,0.449188,475,89.6821
476,0.533333,476,0.477963,476,0.5,476,0.449188,476,89.2469
477,0.5,477,0.464293,477,0.5,477,0.449188,477,89.2469
478,0.466667,478,0.477963,478,0.5,478,0.449188,478,89.2469
479,0.433333,479,0.464293,479,0.5,479,0.449188,479,89.6821
480,0.4,480,0.464293,480,0.5,480,0.449188,480,89.6821
481,0.333333,481,0.477963,481,0.5,481,0.449188,481,89.6821
482,0.333333,482,0.477963,482,0.5,482,0.449188,482,89.6821
483,0.333333,483,0.477963,483,0.5,483,0.449188,483,89.6821
484,0.3,484,0.491633,484,0.5,484,0.449188,484,89.6821
485,0.4,485,0.491633,485,0.5,485,0.449188,485,89.6821
486,0.433333,486,0.491633,486,0.5,486,0.449188,486,89.6821
487,0.5,487,0.491633,487,0.5,487,0.449188,487,89.6821
488,0.533333,488,0.491633,488,0.5,488,0.449188,488,89.2469
489,0.6,489,0.491633,489,0.5,489,0.449188,489,89.2469
490,0.666667,490,0.491633,490,0.5,490,0.449188,490,89.2469
491,0.7,491,0.491633,491,0.5,491,0.449188,491,89.2469
492,0.7,492,0.464293,492,0.5,492,0.449188,492,89.6821
493,0.666667,493,0.464293,493,0.5,493,0.449188,493,89.6821
494,0.666667,494,0.464293,494,0.5,494,0.449188,494,89.6821
495,0.566667,495,0.450622,495,0.5,495,0.449188,495,89.6821
496,0.533333,496,0.436952,496,0.5,496,0.449188,496,89.6821
497,0.5,497,0.436952,497,0.5,497,0.449188,497,89.6821
498,0.433333,498,0.409611,498,0.5,498,0.449188,498,89.6821
499,0.433333,499,0.409611,499,0.5,499,0.449188,499,89.6821
500,0.4,500,0.409611,500,0.5,500,0.449188,500,89.6821
501,0.4,501,0.409611,501,0.5,501,0.449188,501,89.6821
502,0.4,502,0.436952,502,0.5,502,0.449188,502,89.6821
503,0.433333,503,0.436952,503,0.5,503,0.449188,503,89.6821
504,0.433333,504,0.450622,504,0.5,504,0.449188,504,89.6821
505,0.433333,505,0.450622,505,0.5,505,0.449188,505,89.6821
506,0.433333,506,0.450622,506,0.5,506,0.449188,506,89.6821
507,0.5,507,0.450622,507,0.5,507,0.449188,507,89.6821
508,0.533333,508,0.450622,508,0.5,508,0.449188,508,89.6821
509,0.566667,509,0.450622,509,0.5,509,0.449188,509,89.6821
510,0.6,510,0.450622,510,0.5,510,0.449188,510,89.6821
511,0.633333,511,0.450622,511,0.5,511,0.449188,511,89.6821
512,0.633333,512,0.450622,512,0.5,512,0.449188,512,89.6821
513,0.566667,513,0.450622,513,0.5,513,0.449188,513,89.6821
514,0.533333,514,0.450622,514,0.5,514,0.449188,514,89.6821
515,0.5,515,0.436952,515,0.5,515,0.449188,515,89.6821
516,0.466667,516,0.436952,516,0.5,516,0.449188,516,89.2469
517,0.4,517,0.436952,517,0.5,517,0.449188,517,89.2469
518,0.4,518,0.436952,518,0.5,518,0.449188,518,89.2469
519,0.4,519,0.436952,519,0.5,519,0.449188,519,89.6821
520,0.366667,520,0.436952,520,0.5,520,0.449188,520,89.6821
521,0.366667,521,0.436952,521,0.5,521,0.449188,521,89.6821
522,0.4,522,0.436952,522,0.5,522,0.449188,522,89.6821
523,0.433333,523,0.464293,523,0.5,523,0.449188,523,89.6821
524,0.466667,524,0.464293,524,0.5,524,0.449188,524,89.6821
525,0.5,525,0.464293,525,0.5,525,0.449188,525,89.6821
526,0.533333,526,0.477963,526,0.5,526,0.449188,526,89.6821
527,0.6,527,0.477963,527,0.5,527,0.449188,527,89.6821
528,0.666667,528,0.477963,528,0.5,528,0.449188,528,89.6821
529,0.666667,529,0.477963,529,0.5,529,0.449188,529,89.2469
530,0.666667,530,0.464293,530,0.5,530,0.449188,530,89.2469
531,0.666667,531,0.464293,531,0.5,531,0.449188,531,89.2469
532,0.6,532,0.450622,532,0.5,532,0.449188,532,89.6821
533,0.533333,533,0.450622,533,0.5,533,0.449188,533,89.2469
534,0.5,534,0.436952,534,0.5,534,0.449188,534,89.6821
535,0.433333,535,0.436952,535,0.5,535,0.449188,535,89.6821
536,0.433333,536,0.436952,536,0.5,536,0.449188,536,89.6821
537,0.433333,537,0.436952,537,0.5,537,0.449188,537,89.6821
538,0.466667,538,0.450622,538,0.5,538,0.449188,538,89.6821
539,0.433333,539,0.450622,539,0.5,539,0.449188,539,89.6821
540,0.466667,540,0.450622,540,0.5,540,0.449188,540,89.6821
541,0.433333,541,0.450622,541,0.5,541,0.449188,541,89.6821
542,0.433333,542,0.450622,542,0.5,542,0.449188,542,89.6821
543,0.466667,543,0.450622,543,0.5,543,0.449188,543,89.6821
544,0.466667,544,0.450622,544,0.5,544,0.449188,544,89.2469
545,0.5,545,0.450622,545,0.5,545,0.449188,545,89.6821
546,0.533333,546,0.450622,546,0.5,546,0.449188,546,89.2469
547,0.566667,547,0.450622,547,0.5,547,0.449188,547,89.2469
548,0.6,548,0.450622,548,0.5,548,0.449188,548,89.2469
549,0.633333,549,0.450622,549,0.5,549,0.449188,549,89.2469
550,0.6,550,0.436952,550,0.5,550,0.449188,550,89.2469
551,0.566667,551,0.436952,551,0.5,551,0.449188,551,89.2469
552,0.533333,552,0.436952,552,0.5,552,0.449188,552,89.2469
553,0.466667,553,0.436952,553,0.5,553,0.449188,553,89.2469
554,0.433333,554,0.436952,554,0.5,554,0.449188,554,89.2469
555,0.433333,555,0.436952,555,0.5,555,0.449188,555,89.2469
556,0.4,556,0.436952,556,0.5,556,0.449188,556,89.2469
557,0.366667,557,0.436952,557,0.5,557,0.449188,557,89.2469
558,0.4,558,0.450622,558,0.5,558,0.449188,558,89.2469
559,0.4,559,0.450622,559,0.5,559,0.449188,559,89.2469
560,0.4,560,0.450622,560,0.5,560,0.449188,560,89.2469
561,0.466667,561,0.450622,561,0.5,561,0.449188,561,89.2469
562,0.5,562,0.450622,562,0.5,562,0.449188,562,89.6821
563,0.533333,563,0.464293,563,0.5,563,0.449188,563,89.6821
564,0.533333,564,0.464293,564,0.5,564,0.449188,564,89.6821
565,0.6,565,0.464293,565,0.5,565,0.449188,565,89.6821
566,0.633333,566,0.464293,566,0.5,566,0.449188,566,89.6821
567,0.666667,567,0.464293,567,0.5,567,0.449188,567,89.6821
568,0.633333,568,0.464293,568,0.5,568,0.449188,568,89.2469
569,0.6,569,0.464293,569,0.5,569,0.449188,569,89.2469
570,0.566667,570,0.450622,570,0.5,570,0.449188,570,89.2469
571,0.5,571,0.450622,571,0.5,571,0.449188,571,89.2469
572,0.5,572,0.450622,572,0.5,572,0.449188,572,89.2469
573,0.433333,573,0.450622,573,0.5,573,0.449188,573,89.2469
574,0.433333,574,0.436952,574,0.5,574,0.449188,574,89.2469
575,0.5,575,0.436952,575,0.5,575,0.449188,575,89.2469
576,0.466667,576,0.436952,576,0.5,576,0.449188,576,89.2469
577,0.433333,577,0.436952,577,0.5,577,0.449188,577,89.2469
578,0.466667,578,0.423281,578,0.5,578,0.449188,578,89.2469
579,0.433333,579,0.423281,579,0.5,579,0.449188,579,89.2469
580,0.466667,580,0.423281,580,0.5,580,0.449188,580,89.2469
581,0.466667,581,0.423281,581,0.5,581,0.449188,581,89.2469
582,0.5,582,0.423281,582,0.5,582,0.449188,582,89.2469
583,0.533333,583,0.423281,583,0.5,583,0.449188,583,89.2469
584,0.533333,584,0.423281,584,0.5,584,0.449188,584,89.2469
585,0.566667,585,0.423281,585,0.5,585,0.449188,585,89.2469
586,0.6,586,0.423281,586,0.5,586,0.449188,586,89.2469
587,0.6,587,0.423281,587,0.5,587,0.449188,587,89.2469
588,0.6,588,0.423281,588,0.5,588,0.449188,588,89.2469
589,0.6,589,0.423281,589,0.5,589,0.449188,589,89.2469
590,0.533333,590,0.423281,590,0.5,590,0.449188,590,89.6821
591,0.5,591,0.423281,591,0.5,591,0.449188,591,89.2469
592,0.5,592,0.423281,592,0.5,592,0.449188,592,89.6821
593,0.433333,593,0.423281,593,0.5,593,0.449188,593,89.6821
594,0.366667,594,0.423281,594,0.5,594,0.449188,594,89.6821
595,0.4,595,0.423281,595,0.5,595,0.449188,595,89.6821
596,0.4,596,0.423281,596,0.5,596,0.449188,596,89.6821
597,0.4,597,0.423281,597,0.5,597,0.449188,597,89.6821
598,0.433333,598,0.423281,598,0.5,598,0.449188,598,89.6821
599,0.5,599,0.423281,599,0.5,599,0.449188,599,89.6821
600,0.533333,600,0.423281,600,0.5,600,0.449188,600,89.6821
601,0.533333,601,0.423281,601,0.5,601,0.449188,601,89.6821
602,0.566667,602,0.436952,602,0.5,602,0.449188,602,89.6821
603,0.6,603,0.423281,603,0.5,603,0.449188,603,89.6821
604,0.6,604,0.423281,604,0.5,604,0.449188,604,89.6821
605,0.6,605,0.423281,605,0.5,605,0.449188,605,89.6821
606,0.6,606,0.423281,606,0.5,606,0.449188,606,89.6821
607,0.566667,607,0.423281,607,0.5,607,0.449188,607,89.6821
608,0.533333,608,0.423281,608,0.5,608,0.449188,608,89.6821
609,0.533333,609,0.423281,609,0.5,609,0.449188,609,89.6821
610,0.5,610,0.423281,610,0.5,610,0.449188,610,89.6821
611,0.5,611,0.423281,611,0.5,611,0.449188,611,89.6821
612,0.466667,612,0.423281,612,0.5,612,0.449188,612,90.1176
613,0.433333,613,0.423281,613,0.5,613,0.449188,613,90.1176
614,0.466667,614,0.423281,614,0.5,614,0.449188,614,90.1176
615,0.433333,615,0.423281,615,0.5,615,0.449188,615,90.1176
616,0.466667,616,0.436952,616,0.5,616,0.449188,616,90.1176
617,0.466667,617,0.436952,617,0.5,617,0.449188,617,90.1176
618,0.433333,618,0.436952,618,0.5,618,0.449188,618,89.6821
619,0.5,619,0.436952,619,0.5,619,0.449188,619,89.6821
620,0.533333,620,0.436952,620,0.5,620,0.449188,620,89.6821
621,0.533333,621,0.450622,621,0.5,621,0.449188,621,90.1176
622,0.566667,622,0.450622,622,0.5,622,0.449188,622,90.1176
623,0.566667,623,0.436952,623,0.5,623,0.449188,623,89.6821
624,0.566667,624,0.436952,624,0.5,624,0.449188,624,89.6821
625,0.533333,625,0.436952,625,0.5,625,0.449188,625,89.6821
626,0.533333,626,0.436952,626,0.5,626,0.449188,626,89.6821
627,0.5,627,0.423281,627,0.5,627,0.449188,627,89.6821
628,0.466667,628,0.423281,628,0.5,628,0.449188,628,89.6821
629,0.433333,629,0.423281,629,0.5,629,0.449188,629,89.6821
630,0.433333,630,0.423281,630,0.5,630,0.449188,630,89.6821
631,0.4,631,0.423281,631,0.5,631,0.449188,631,89.6821
632,0.4,632,0.409611,632,0.5,632,0.449188,632,89.6821
633,0.4,633,0.409611,633,0.5,633,0.449188,633,89.6821
634,0.366667,634,0.409611,634,0.5,634,0.449188,634,89.6821
635,0.433333,635,0.409611,635,0.5,635,0.449188,635,89.6821
636,0.433333,636,0.409611,636,0.5,636,0.449188,636,89.6821
637,0.466667,637,0.409611,637,0.5,637,0.449188,637,89.6821
638,0.566667,638,0.409611,638,0.5,638,0.449188,638,89.6821
639,0.566667,639,0.409611,639,0.5,639,0.449188,639,89.6821
640,0.6,640,0.409611,640,0.5,640,0.449188,640,89.6821
641,0.633333,641,0.409611,641,0.5,641,0.449188,641,89.6821
642,0.633333,642,0.409611,642,0.5,642,0.449188,642,89.6821
643,0.6,643,0.409611,643,0.5,643,0.449188,643,89.6821
644,0.6,644,0.409611,644,0.5,644,0.449188,644,89.6821
645,0.533333,645,0.409611,645,0.5,645,0.449188,645,89.6821
646,0.533333,646,0.409611,646,0.5,646,0.449188,646,89.6821
647,0.5,647,0.409611,647,0.5,647,0.449188,647,89.6821
648,0.466667,648,0.409611,648,0.5,648,0.449188,648,89.6821
649,0.466667,649,0.409611,649,0.5,649,0.449188,649,89.2469
650,0.466667,650,0.423281,650,0.5,650,0.449188,650,89.2469
651,0.466667,651,0.423281,651,0.5,651,0.449188,651,89.2469
652,0.433333,652,0.423281,652,0.5,652,0.449188,652,89.6821
653,0.466667,653,0.423281,653,0.5,653,0.449188,653,89.2469
654,0.466667,654,0.423281,654,0.5,654,0.449188,654,89.6821
655,0.466667,655,0.423281,655,0.5,655,0.449188,655,89.6821
656,0.533333,656,0.423281,656,0.5,656,0.449188,656,89.2469
657,0.533333,657,0.423281,657,0.5,657,0.449188,657,89.2469
658,0.566667,658,0.423281,658,0.5,658,0.449188,658,89.6821
659,0.6,659,0.423281,659,0.5,659,0.449188,659,89.6821
660,0.6,660,0.423281,660,0.5,660,0.449188,660,90.1176
661,0.6,661,0.409611,661,0.5,661,0.449188,661,90.1176
662,0.566667,662,0.409611,662,0.5,662,0.449188,662,90.1176
663,0.566667,663,0.409611,663,0.5,663,0.449188,663,90.1176
664,0.533333,664,0.409611,664,0.5,664,0.449188,664,90.1176
665,0.466667,665,0.423281,665,0.5,665,0.449188,665,90.1176
666,0.433333,666,0.409611,666,0.5,666,0.449188,666,90.1176
667,0.433333,667,0.409611,667,0.5,667,0.449188,667,90.1176
668,0.433333,668,0.409611,668,0.5,668,0.449188,668,90.1176
669,0.4,669,0.409611,669,0.5,669,0.449188,669,90.1176
670,0.4,670,0.409611,670,0.5,670,0.449188,670,90.1176
671,0.433333,671,0.409611,671,0.5,671,0.449188,671,90.1176
672,0.5,672,0.409611,672,0.5,672,0.449188,672,89.6821
673,0.5,673,0.409611,673,0.5,673,0.449188,673,89.6821
674,0.466667,674,0.409611,674,0.5,674,0.449188,674,90.1176
675,0.533333,675,0.409611,675,0.5,675,0.449188,675,90.1176
676,0.566667,676,0.409611,676,0.5,676,0.449188,676,90.1176
677,0.566667,677,0.409611,677,0.5,677,0.449188,677,90.1176
678,0.6,678,0.409611,678,0.5,678,0.449188,678,89.6821
679,0.633333,679,0.409611,679,0.5,679,0.449188,679,89.6821
680,0.6,680,0.395941,680,0.5,680,0.449188,680,89.6821
681,0.566667,681,0.395941,681,0.5,681,0.449188,681,89.6821
682,0.533333,682,0.395941,682,0.5,682,0.449188,682,90.1176
683,0.5,683,0.395941,683,0.5,683,0.449188,683,90.1176
684,0.433333,684,0.395941,684,0.5,684,0.449188,684,90.1176
685,0.433333,685,0.395941,685,0.5,685,0.449188,685,90.1176
686,0.433333,686,0.395941,686,0.5,686,0.449188,686,90.1176
687,0.466667,687,0.38227,687,0.5,687,0.449188,687,90.1176
688,0.466667,688,0.3686,688,0.5,688,0.449188,688,90.1176
689,0.5,689,0.3686,689,0.5,689,0.449188,689,90.1176
690,0.5,690,0.3686,690,0.5,690,0.449188,690,90.1176
691,0.466667,691,0.3686,691,0.5,691,0.449188,691,90.1176
692,0.5,692,0.3686,692,0.5,692,0.449188,692,90.1176
693,0.533333,693,0.3686,693,0.5,693,0.449188,693,90.1176
694,0.533333,694,0.3686,694,0.5,694,0.449188,694,90.1176
695,0.566667,695,0.3686,695,0.5,695,0.449188,695,90.1176
696,0.566667,696,0.3686,696,0.5,696,0.449188,696,90.1176
697,0.566667,697,0.38227,697,0.5,697,0.449188,697,90.1176
698,0.6,698,0.395941,698,0.5,698,0.449188,698,90.1176
699,0.6,699,0.395941,699,0.5,699,0.449188,699,90.1176
700,0.533333,700,0.395941,700,0.5,700,0.449188,700,90.1176
701,0.5,701,0.395941,701,0.5,701,0.449188,701,90.1176
702,0.466667,702,0.395941,702,0.5,702,0.449188,702,90.1176
703,0.433333,703,0.395941,703,0.5,703,0.449188,703,90.1176
704,0.4,704,0.395941,704,0.5,704,0.449188,704,90.1176
705,0.4,705,0.395941,705,0.5,705,0.449188,705,90.1176
706,0.4,706,0.395941,706,0.5,706,0.449188,706,90.1176
707,0.4,707,0.395941,707,0.5,707,0.449188,707,90.1176
708,0.4,708,0.395941,708,0.5,708,0.449188,708,90.1176
709,0.433333,709,0.38227,709,0.5,709,0.449188,709,90.1176
710,0.466667,710,0.395941,710,0.5,710,0.449188,710,90.1176
711,0.5,711,0.395941,711,0.5,711,0.449188,711,90.1176
712,0.533333,712,0.395941,712,0.5,712,0.449188,712,90.1176
713,0.566667,713,0.395941,713,0.5,713,0.449188,713,90.1176
714,0.6,714,0.395941,714,0.5,714,0.449188,714,90.1176
715,0.6,715,0.38227,715,0.5,715,0.449188,715,90.1176
716,0.6,716,0.395941,716,0.5,716,0.449188,716,90.1176
717,0.633333,717,0.395941,717,0.5,717,0.449188,717,90.1176
718,0.633333,718,0.395941,718,0.5,718,0.449188,718,90.1176
719,0.566667,719,0.395941,719,0.5,719,0.449188,719,90.1176
720,0.5,720,0.395941,720,0.5,720,0.449188,720,90.1176
721,0.466667,721,0.395941,721,0.5,721,0.449188,721,90.5534
722,0.433333,722,0.409611,722,0.5,722,0.449188,722,90.1176
723,0.366667,723,0.409611,723,0.5,723,0.449188,723,90.1176
724,0.4,724,0.409611,724,0.5,724,0.449188,724,90.1176
725,0.4,725,0.409611,725,0.5,725,0.449188,725,90.5534
726,0.4,726,0.423281,726,0.5,726,0.449188,726,90.5534
727,0.466667,727,0.423281,727,0.5,727,0.449188,727,90.1176
728,0.466667,728,0.423281,728,0.5,728,0.449188,728,90.5534
729,0.5,729,0.436952,729,0.5,729,0.449188,729,90.1176
730,0.533333,730,0.436952,730,0.5,730,0.449188,730,90.5534
731,0.566667,731,0.450622,731,0.5,731,0.449188,731,90.5534
732,0.566667,732,0.464293,732,0.5,732,0.449188,732,90.5534
733,0.6,733,0.464293,733,0.5,733,0.449188,733,90.5534
734,0.6,734,0.464293,734,0.5,734,0.449188,734,90.1176
735,0.633333,735,0.464293,735,0.5,735,0.449188,735,90.5534
736,0.6,736,0.464293,736,0.5,736,0.449188,736,90.5534
737,0.566667,737,0.464293,737,0.5,737,0.449188,737,90.5534
738,0.566667,738,0.464293,738,0.5,738,0.449188,738,90.5534
739,0.5,739,0.464293,739,0.5,739,0.449188,739,90.5534
740,0.466667,740,0.450622,740,0.5,740,0.449188,740,90.5534
741,0.433333,741,0.450622,741,0.5,741,0.449188,741,90.5534
742,0.366667,742,0.450622,742,0.5,742,0.449188,742,90.5534
743,0.366667,743,0.450622,743,0.5,743,0.449188,743,90.5534
744,0.366667,744,0.450622,744,0.5,744,0.449188,744,90.5534
745,0.4,745,0.450622,745,0.5,745,0.449188,745,90.5534
746,0.366667,746,0.450622,746,0.5,746,0.449188,746,90.5534
747,0.433333,747,0.450622,747,0.5,747,0.449188,747,90.5534
748,0.433333,748,0.450622,748,0.5,748,0.449188,748,90.5534
749,0.466667,749,0.450622,749,0.5,749,0.449188,749,90.5534
750,0.566667,750,0.450622,750,0.5,750,0.449188,750,90.5534
751,0.6,751,0.450622,751,0.5,751,0.449188,751,90.5534
752,0.666667,752,0.450622,752,0.5,752,0.449188,752,90.5534
753,0.666667,753,0.450622,753,0.5,753,0.449188,753,90.5534
754,0.666667,754,0.450622,754,0.5,754,0.449188,754,90.5534
755,0.7,755,0.450622,755,0.5,755,0.449188,755,90.5534
756,0.633333,756,0.450622,756,0.5,756,0.449188,756,90.5534
757,0.566667,757,0.464293,757,0.5,757,0.449188,757,90.5534
758,0.5,758,0.464293,758,0.5,758,0.449188,758,90.5534
759,0.466667,759,0.464293,759,0.5,759,0.449188,759,90.5534
760,0.433333,760,0.450622,760,0.5,760,0.449188,760,90.5534
761,0.4,761,0.450622,761,0.5,761,0.449188,761,90.5534
762,0.4,762,0.450622,762,0.5,762,0.449188,762,90.5534
763,0.4,763,0.450622,763,0.5,763,0.449188,763,90.5534
764,0.433333,764,0.450622,764,0.5,764,0.449188,764,90.5534
765,0.433333,765,0.450622,765,0.5,765,0.449188,765,90.5534
766,0.5,766,0.450622,766,0.5,766,0.449188,766,90.5534
767,0.5,767,0.450622,767,0.5,767,0.449188,767,90.5534
768,0.533333,768,0.450622,768,0.5,768,0.449188,768,90.5534
769,0.566667,769,0.450622,769,0.5,769,0.449188,769,90.5534
770,0.566667,770,0.450622,770,0.5,770,0.449188,770,90.5534
771,0.6,771,0.450622,771,0.5,771,0.449188,771,90.5534
772,0.6,772,0.450622,772,0.5,772,0.449188,772,90.5534
773,0.6,773,0.450622,773,0.5,773,0.449188,773,90.5534
774,0.566667,774,0.450622,774,0.5,774,0.449188,774,90.5534
775,0.566667,775,0.450622,775,0.5,775,0.449188,775,90.1176
776,0.533333,776,0.464293,776,0.5,776,0.449188,776,90.1176
777,0.5,777,0.464293,777,0.5,777,0.449188,777,90.5534
778,0.433333,778,0.464293,778,0.5,778,0.449188,778,90.5534
779,0.4,779,0.477963,779,0.5,779,0.449188,779,90.1176
780,0.4,780,0.477963,780,0.5,780,0.449188,780,90.1176
781,0.366667,781,0.477963,781,0.5,781,0.449188,781,90.1176
782,0.366667,782,0.477963,782,0.5,782,0.449188,782,90.1176
783,0.4,783,0.477963,783,0.5,783,0.449188,783,90.1176
784,0.4,784,0.477963,784,0.5,784,0.449188,784,90.1176
785,0.433333,785,0.477963,785,0.5,785,0.449188,785,90.1176
786,0.5,786,0.477963,786,0.5,786,0.449188,786,90.1176
787,0.566667,787,0.477963,787,0.5,787,0.449188,787,90.1176
788,0.566667,788,0.477963,788,0.5,788,0.449188,788,90.1176
789,0.633333,789,0.477963,789,0.5,789,0.449188,789,90.1176
790,0.7,790,0.477963,790,0.5,790,0.449188,790,90.1176
791,0.733333,791,0.464293,791,0.5,791,0.449188,791,90.1176
792,0.7,792,0.450622,792,0.5,792,0.449188,792,90.1176
793,0.666667,793,0.436952,793,0.5,793,0.449188,793,89.6821
794,0.633333,794,0.436952,794,0.5,794,0.449188,794,89.6821
795,0.566667,795,0.436952,795,0.5,795,0.449188,795,89.6821
796,0.5,796,0.436952,796,0.5,796,0.449188,796,89.6821
797,0.433333,797,0.436952,797,0.5,797,0.449188,797,89.6821
798,0.4,798,0.436952,798,0.5,798,0.449188,798,89.6821
799,0.4,799,0.450622,799,0.5,799,0.449188,799,89.6821
800,0.4,800,0.450622,800,0.5,800,0.449188,800,90.1176
801,0.4,801,0.464293,801,0.5,801,0.449188,801,90.1176
802,0.4,802,0.464293,802,0.5,802,0.449188,802,90.1176
803,0.433333,803,0.477963,803,0.5,803,0.449188,803,90.1176
804,0.433333,804,0.477963,804,0.5,804,0.449188,804,90.1176
805,0.466667,805,0.477963,805,0.5,805,0.449188,805,90.1176
806,0.533333,806,0.477963,806,0.5,806,0.449188,806,90.1176
807,0.6,807,0.477963,807,0.5,807,0.449188,807,90.5534
808,0.6,808,0.477963,808,0.5,808,0.449188,808,90.5534
809,0.6,809,0.477963,809,0.5,809,0.449188,809,90.5534
810,0.633333,810,0.491633,810,0.5,810,0.449188,810,90.5534
811,0.633333,811,0.491633,811,0.5,811,0.449188,811,90.5534
812,0.6,812,0.491633,812,0.5,812,0.449188,812,90.5534
813,0.566667,813,0.491633,813,0.5,813,0.449188,813,90.5534
814,0.5,814,0.491633,814,0.5,814,0.449188,814,90.5534
815,0.466667,815,0.491633,815,0.5,815,0.449188,815,90.5534
816,0.4,816,0.491633,816,0.5,816,0.449188,816,90.5534
817,0.4,817,0.464293,817,0.5,817,0.449188,817,90.5534
818,0.366667,818,0.464293,818,0.5,818,0.449188,818,90.5534
819,0.366667,819,0.450622,819,0.5,819,0.449188,819,90.5534
820,0.4,820,0.450622,820,0.5,820,0.449188,820,90.5534
821,0.366667,821,0.450622,821,0.5,821,0.449188,821,90.5534
822,0.4,822,0.450622,822,0.5,822,0.449188,822,90.5534
823,0.433333,823,0.464293,823,0.5,823,0.449188,823,90.5534
824,0.466667,824,0.464293,824,0.5,824,0.449188,824,90.5534
825,0.533333,825,0.450622,825,0.5,825,0.449188,825,90.5534
826,0.6,826,0.450622,826,0.5,826,0.449188,826,90.5534
827,0.6,827,0.464293,827,0.5,827,0.449188,827,90.5534
828,0.6,828,0.464293,828,0.5,828,0.449188,828,90.5534
829,0.666667,829,0.477963,829,0.5,829,0.449188,829,90.5534
830,0.666667,830,0.477963,830,0.5,830,0.449188,830,90.5534
831,0.633333,831,0.477963,831,0.5,831,0.449188,831,90.5534
832,0.566667,832,0.477963,832,0.5,832,0.449188,832,90.5534
833,0.533333,833,0.464293,833,0.5,833,0.449188,833,90.5534
834,0.5,834,0.464293,834,0.5,834,0.449188,834,90.5534
835,0.466667,835,0.464293,835,0.5,835,0.449188,835,90.5534
836,0.433333,836,0.464293,836,0.5,836,0.449188,836,90.5534
837,0.5,837,0.464293,837,0.5,837,0.449188,837,90.5534
838,0.466667,838,0.464293,838,0.5,838,0.449188,838,90.5534
839,0.433333,839,0.464293,839,0.5,839,0.449188,839,90.5534
840,0.466667,840,0.464293,840,0.5,840,0.449188,840,90.5534
841,0.433333,841,0.464293,841,0.5,841,0.449188,841,90.5534
842,0.433333,842,0.464293,842,0.5,842,0.449188,842,90.5534
843,0.466667,843,0.464293,843,0.5,843,0.449188,843,90.5534
844,0.5,844,0.464293,844,0.5,844,0.449188,844,90.5534
845,0.533333,845,0.464293,845,0.5,845,0.449188,845,90.5534
846,0.566667,846,0.464293,846,0.5,846,0.449188,846,90.5534
847,0.6,847,0.464293,847,0.5,847,0.449188,847,90.1176
848,0.633333,848,0.464293,848,0.5,848,0.449188,848,90.5534
849,0.666667,849,0.464293,849,0.5,849,0.449188,849,90.5534
850,0.6,850,0.464293,850,0.5,850,0.449188,850,90.5534
851,0.6,851,0.464293,851,0.5,851,0.449188,851,90.5534
852,0.533333,852,0.464293,852,0.5,852,0.449188,852,90.1176
853,0.5,853,0.450622,853,0.5,853,0.449188,853,90.5534
854,0.466667,854,0.450622,854,0.5,854,0.449188,854,90.5534
855,0.4,855,0.450622,855,0.5,855,0.449188,855,90.1176
856,0.4,856,0.450622,856,0.5,856,0.449188,856,90.1176
857,0.4,857,0.450622,857,0.5,857,0.449188,857,90.1176
858,0.366667,858,0.450622,858,0.5,858,0.449188,858,90.1176
859,0.433333,859,0.450622,859,0.5,859,0.449188,859,90.1176
860,0.433333,860,0.450622,860,0.5,860,0.449188,860,90.1176
861,0.466667,861,0.450622,861,0.5,861,0.449188,861,90.1176
862,0.5,862,0.450622,862,0.5,862,0.449188,862,90.1176
863,0.533333,863,0.450622,863,0.5,863,0.449188,863,90.1176
864,0.566667,864,0.450622,864,0.5,864,0.449188,864,90.1176
865,0.6,865,0.450622,865,0.5,865,0.449188,865,90.1176
866,0.633333,866,0.450622,866,0.5,866,0.449188,866,90.1176
867,0.6,867,0.450622,867,0.5,867,0.449188,867,90.1176
868,0.566667,868,0.436952,868,0.5,868,0.449188,868,90.1176
869,0.566667,869,0.436952,869,0.5,869,0.449188,869,90.1176
870,0.533333,870,0.423281,870,0.5,870,0.449188,870,90.1176
871,0.5,871,0.423281,871,0.5,871,0.449188,871,90.1176
872,0.5,872,0.423281,872,0.5,872,0.449188,872,90.5534
873,0.433333,873,0.409611,873,0.5,873,0.449188,873,90.5534
874,0.4,874,0.409611,874,0.5,874,0.449188,874,90.5534
875,0.5,875,0.409611,875,0.5,875,0.449188,875,90.1176
876,0.466667,876,0.409611,876,0.5,876,0.449188,876,90.5534
877,0.5,877,0.409611,877,0.5,877,0.449188,877,90.5534
878,0.5,878,0.423281,878,0.5,878,0.449188,878,90.5534
879,0.5,879,0.423281,879,0.5,879,0.449188,879,90.5534
880,0.5,880,0.423281,880,0.5,880,0.449188,880,90.5534
881,0.533333,881,0.423281,881,0.5,881,0.449188,881,90.5534
882,0.533333,882,0.423281,882,0.5,882,0.449188,882,90.5534
883,0.533333,883,0.423281,883,0.5,883,0.449188,883,90.5534
884,0.566667,884,0.436952,884,0.5,884,0.449188,884,90.1176
885,0.6,885,0.436952,885,0.5,885,0.449188,885,90.1176
886,0.633333,886,0.436952,886,0.5,886,0.449188,886,90.1176
887,0.566667,887,0.436952,887,0.5,887,0.449188,887,90.1176
888,0.566667,888,0.436952,888,0.5,888,0.449188,888,90.1176
889,0.5,889,0.436952,889,0.5,889,0.449188,889,90.5534
890,0.466667,890,0.436952,890,0.5,890,0.449188,890,90.1176
891,0.433333,891,0.436952,891,0.5,891,0.449188,891,90.1176
892,0.4,892,0.450622,892,0.5,892,0.449188,892,90.1176
893,0.4,893,0.450622,893,0.5,893,0.449188,893,90.1176
894,0.366667,894,0.450622,894,0.5,894,0.449188,894,90.1176
895,0.4,895,0.450622,895,0.5,895,0.449188,895,90.1176
896,0.4,896,0.464293,896,0.5,896,0.449188,896,90.1176
897,0.433333,897,0.464293,897,0.5,897,0.449188,897,89.6821
898,0.5,898,0.464293,898,0.5,898,0.449188,898,89.6821
899,0.5,899,0.477963,899,0.5,899,0.449188,899,89.6821
900,0.533333,900,0.477963,900,0.5,900,0.449188,900,89.6821
901,0.6,901,0.491633,901,0.5,901,0.449188,901,89.6821
902,0.566667,902,0.491633,902,0.5,902,0.449188,902,89.6821
903,0.6,903,0.491633,903,0.5,903,0.449188,903,89.6821
904,0.6,904,0.491633,904,0.5,904,0.449188,904,90.1176
905,0.566667,905,0.491633,905,0.5,905,0.449188,905,90.1176
906,0.6,906,0.491633,906,0.5,906,0.449188,906,90.1176
907,0.533333,907,0.477963,907,0.5,907,0.449188,907,90.1176
908,0.533333,908,0.477963,908,0.5,908,0.449188,908,90.1176
909,0.5,909,0.477963,909,0.5,909,0.449188,909,90.1176
910,0.466667,910,0.477963,910,0.5,910,0.449188,910,90.1176
911,0.466667,911,0.477963,911,0.5,911,0.449188,911,90.1176
912,0.466667,912,0.477963,912,0.5,912,0.449188,912,90.1176
913,0.466667,913,0.477963,913,0.5,913,0.449188,913,90.1176
914,0.466667,914,0.464293,914,0.5,914,0.449188,914,90.1176
915,0.5,915,0.464293,915,0.5,915,0.449188,915,90.1176
916,0.533333,916,0.464293,916,0.5,916,0.449188,916,90.1176
917,0.533333,917,0.464293,917,0.5,917,0.449188,917,90.1176
918,0.566667,918,0.464293,918,0.5,918,0.449188,918,90.1176
919,0.533333,919,0.464293,919,0.5,919,0.449188,919,90.1176
920,0.566667,920,0.464293,920,0.5,920,0.449188,920,90.1176
921,0.533333,921,0.464293,921,0.5,921,0.449188,921,90.1176
922,0.566667,922,0.464293,922,0.5,922,0.449188,922,90.1176
923,0.533333,923,0.450622,923,0.5,923,0.449188,923,90.1176
924,0.566667,924,0.450622,924,0.5,924,0.449188,924,90.1176
925,0.533333,925,0.450622,925,0.5,925,0.449188,925,90.1176
926,0.466667,926,0.450622,926,0.5,926,0.449188,926,90.1176
927,0.466667,927,0.450622,927,0.5,927,0.449188,927,90.1176
928,0.466667,928,0.450622,928,0.5,928,0.449188,928,89.6821
929,0.433333,929,0.450622,929,0.5,929,0.449188,929,89.6821
930,0.4,930,0.450622,930,0.5,930,0.449188,930,89.6821
931,0.4,931,0.450622,931,0.5,931,0.449188,931,89.6821
932,0.433333,932,0.450622,932,0.5,932,0.449188,932,89.6821
933,0.366667,933,0.450622,933,0.5,933,0.449188,933,89.6821
934,0.433333,934,0.436952,934,0.5,934,0.449188,934,90.1176
935,0.433333,935,0.436952,935,0.5,935,0.449188,935,90.1176
936,0.5,936,0.436952,936,0.5,936,0.449188,936,90.1176
937,0.533333,937,0.436952,937,0.5,937,0.449188,937,90.1176
938,0.566667,938,0.436952,938,0.5,938,0.449188,938,89.6821
939,0.6,939,0.436952,939,0.5,939,0.449188,939,89.6821
940,0.6,940,0.423281,940,0.5,940,0.449188,940,89.6821
941,0.6,941,0.409611,941,0.5,941,0.449188,941,89.6821
942,0.6,942,0.409611,942,0.5,942,0.449188,942,89.6821
943,0.566667,943,0.409611,943,0.5,943,0.449188,943,89.6821
944,0.5,944,0.409611,944,0.5,944,0.449188,944,89.6821
945,0.5,945,0.409611,945,0.5,945,0.449188,945,89.6821
946,0.466667,946,0.409611,946,0.5,946,0.449188,946,89.6821
947,0.466667,947,0.409611,947,0.5,947,0.449188,947,89.6821
948,0.466667,948,0.409611,948,0.5,948,0.449188,948,90.1176
949,0.466667,949,0.409611,949,0.5,949,0.449188,949,90.1176
950,0.466667,950,0.409611,950,0.5,950,0.449188,950,90.1176
951,0.466667,951,0.409611,951,0.5,951,0.449188,951,90.1176
952,0.5,952,0.409611,952,0.5,952,0.449188,952,89.6821
953,0.466667,953,0.409611,953,0.5,953,0.449188,953,90.1176
954,0.5,954,0.409611,954,0.5,954,0.449188,954,90.1176
955,0.533333,955,0.409611,955,0.5,955,0.449188,955,90.1176
956,0.533333,956,0.409611,956,0.5,956,0.449188,956,90.1176
957,0.533333,957,0.409611,957,0.5,957,0.449188,957,90.1176
958,0.566667,958,0.423281,958,0.5,958,0.449188,958,89.6821
959,0.566667,959,0.423281,959,0.5,959,0.449188,959,89.6821
960,0.566667,960,0.423281,960,0.5,960,0.449188,960,89.6821
961,0.566667,961,0.423281,961,0.5,961,0.449188,961,89.6821
962,0.533333,962,0.423281,962,0.5,962,0.449188,962,89.6821
963,0.466667,963,0.423281,963,0.5,963,0.449188,963,90.1176
964,0.466667,964,0.436952,964,0.5,964,0.449188,964,90.1176
965,0.433333,965,0.436952,965,0.5,965,0.449188,965,90.1176
966,0.433333,966,0.436952,966,0.5,966,0.449188,966,90.1176
967,0.433333,967,0.436952,967,0.5,967,0.449188,967,90.1176
968,0.4,968,0.436952,968,0.5,968,0.449188,968,90.1176
969,0.433333,969,0.436952,969,0.5,969,0.449188,969,90.1176
970,0.4,970,0.436952,970,0.5,970,0.449188,970,90.1176
971,0.433333,971,0.436952,971,0.5,971,0.449188,971,90.1176
972,0.5,972,0.436952,972,0.5,972,0.449188,972,90.1176
973,0.466667,973,0.436952,973,0.5,973,0.449188,973,90.1176
974,0.5,974,0.436952,974,0.5,974,0.449188,974,90.1176
975,0.566667,975,0.436952,975,0.5,975,0.449188,975,89.6821
976,0.6,976,0.436952,976,0.5,976,0.449188,976,90.1176
977,0.633333,977,0.450622,977,0.5,977,0.449188,977,90.1176
978,0.666667,978,0.450622,978,0.5,978,0.449188,978,90.1176
979,0.633333,979,0.450622,979,0.5,979,0.449188,979,90.1176
980,0.633333,980,0.464293,980,0.5,980,0.449188,980,90.1176
981,0.6,981,0.464293,981,0.5,981,0.449188,981,90.1176
982,0.533333,982,0.464293,982,0.5,982,0.449188,982,90.1176
983,0.5,983,0.464293,983,0.5,983,0.449188,983,90.1176
984,0.466667,984,0.464293,984,0.5,984,0.449188,984,90.1176
985,0.466667,985,0.464293,985,0.5,985,0.449188,985,90.1176
986,0.466667,986,0.464293,986,0.5,986,0.449188,986,90.1176
987,0.466667,987,0.464293,987,0.5,987,0.449188,987,90.1176
988,0.5,988,0.464293,988,0.5,988,0.449188,988,90.1176
989,0.466667,989,0.464293,989,0.5,989,0.449188,989,90.1176
990,0.5,990,0.464293,990,0.5,990,0.449188,990,90.1176
991,0.466667,991,0.464293,991,0.5,991,0.449188,991,90.1176
992,0.5,992,0.464293,992,0.5,992,0.449188,992,90.1176
993,0.533333,993,0.464293,993,0.5,993,0.449188,993,90.1176
994,0.566667,994,0.477963,994,0.5,994,0.449188,994,90.1176
995,0.533333,995,0.477963,995,0.5,995,0.449188,995,90.1176
996,0.6,996,0.477963,996,0.5,996,0.449188,996,90.1176
997,0.6,997,0.477963,997,0.5,997,0.449188,997,90.1176
998,0.566667,998,0.477963,998,0.5,998,0.449188,998,90.1176
999,0.566667,999,0.477963,999,0.5,999,0.449188,999,90.1176
1000,0.533333,1000,0.477963,1000,0.5,1000,0.449188,1000,90.1176
1001,0.466667,1001,0.477963,1001,0.5,1001,0.449188,1001,90.1176
1002,0.433333,1002,0.477963,1002,0.5,1002,0.449188,1002,89.6821
1003,0.4,1003,0.477963,1003,0.5,1003,0.449188,1003,89.6821
1004,0.4,1004,0.477963,1004,0.5,1004,0.449188,1004,89.6821
1005,0.4,1005,0.477963,1005,0.5,1005,0.449188,1005,89.6821
1006,0.4,1006,0.477963,1006,0.5,1006,0.449188,1006,89.6821
1007,0.4,1007,0.477963,1007,0.5,1007,0.449188,1007,89.6821
1008,0.466667,1008,0.477963,1008,0.5,1008,0.449188,1008,89.6821
1009,0.5,1009,0.477963,1009,0.5,1009,0.449188,1009,89.6821
1010,0.5,1010,0.491633,1010,0.5,1010,0.449188,1010,89.6821
1011,0.566667,1011,0.505304,1011,0.5,1011,0.449188,1011,89.6821
1012,0.566667,1012,0.505304,1012,0.5,1012,0.449188,1012,89.6821
1013,0.566667,1013,0.505304,1013,0.5,1013,0.449188,1013,89.6821
1014,0.633333,1014,0.505304,1014,0.5,1014,0.449188,1014,89.6821
1015,0.633333,1015,0.491633,1015,0.5,1015,0.449188,1015,89.6821
1016,0.633333,1016,0.491633,1016,0.5,1016,0.449188,1016,89.6821
1017,0.6,1017,0.491633,1017,0.5,1017,0.449188,1017,89.6821
1018,0.566667,1018,0.491633,1018,0.5,1018,0.449188,1018,89.6821
1019,0.533333,1019,0.477963,1019,0.5,1019,0.449188,1019,89.6821
1020,0.466667,1020,0.477963,1020,0.5,1020,0.449188,1020,89.6821
1021,0.433333,1021,0.477963,1021,0.5,1021,0.449188,1021,89.6821
1022,0.4,1022,0.477963,1022,0.5,1022,0.449188,1022,89.6821
1023,0.4,1023,0.464293,1023,0.5,1023,0.449188,1023,89.6821
1024,0.4,1024,0.464293,1024,0.5,1024,0.449188,1024,89.6821
1025,0.433333,1025,0.464293,1025,0.5,1025,0.449188,1025,89.6821
1026,0.466667,1026,0.464293,1026,0.5,1026,0.449188,1026,89.6821
1027,0.466667,1027,0.464293,1027,0.5,1027,0.449188,1027,89.6821
1028,0.5,1028,0.450622,1028,0.5,1028,0.449188,1028,89.2469
1029,0.5,1029,0.450622,1029,0.5,1029,0.449188,1029,89.2469
1030,0.566667,1030,0.464293,1030,0.5,1030,0.449188,1030,89.6821
1031,0.6,1031,0.450622,1031,0.5,1031,0.449188,1031,89.6821
1032,0.6,1032,0.464293,1032,0.5,1032,0.449188,1032,89.6821
1033,0.6,1033,0.464293,1033,0.5,1033,0.449188,1033,89.2469
1034,0.6,1034,0.464293,1034,0.5,1034,0.449188,1034,89.6821
1035,0.6,1035,0.464293,1035,0.5,1035,0.449188,1035,89.6821
1036,0.566667,1036,0.464293,1036,0.5,1036,0.449188,1036,89.6821
1037,0.533333,1037,0.464293,1037,0.5,1037,0.449188,1037,89.6821
1038,0.5,1038,0.464293,1038,0.5,1038,0.449188,1038,89.6821
1039,0.433333,1039,0.464293,1039,0.5,1039,0.449188,1039,89.6821
1040,0.433333,1040,0.477963,1040,0.5,1040,0.449188,1040,89.6821
1041,0.4,1041,0.477963,1041,0.5,1041,0.449188,1041,89.6821
1042,0.366667,1042,0.477963,1042,0.5,1042,0.449188,1042,89.6821
1043,0.333333,1043,0.477963,1043,0.5,1043,0.449188,1043,89.6821
1044,0.333333,1044,0.477963,1044,0.5,1044,0.449188,1044,89.6821
1045,0.4,1045,0.477963,1045,0.5,1045,0.449188,1045,89.6821
1046,0.433333,1046,0.477963,1046,0.5,1046,0.449188,1046,89.6821
1047,0.5,1047,0.477963,1047,0.5,1047,0.449188,1047,89.6821
1048,0.5,1048,0.477963,1048,0.5,1048,0.449188,1048,89.6821
1049,0.566667,1049,0.477963,1049,0.5,1049,0.449188,1049,90.1176
1050,0.633333,1050,0.477963,1050,0.5,1050,0.449188,1050,90.1176
1051,0.633333,1051,0.491633,1051,0.5,1051,0.449188,1051,90.1176
1052,0.666667,1052,0.491633,1052,0.5,1052,0.449188,1052,90.1176
1053,0.633333,1053,0.477963,1053,0.5,1053,0.449188,1053,89.6821
1054,0.633333,1054,0.477963,1054,0.5,1054,0.449188,1054,90.1176
1055,0.633333,1055,0.464293,1055,0.5,1055,0.449188,1055,89.6821
1056,0.6,1056,0.464293,1056,0.5,1056,0.449188,1056,90.1176
1057,0.533333,1057,0.464293,1057,0.5,1057,0.449188,1057,90.1176
1058,0.5,1058,0.464293,1058,0.5,1058,0.449188,1058,90.1176
1059,0.466667,1059,0.450622,1059,0.5,1059,0.449188,1059,89.6821
1060,0.466667,1060,0.450622,1060,0.5,1060,0.449188,1060,89.6821
1061,0.433333,1061,0.450622,1061,0.5,1061,0.449188,1061,89.6821
1062,0.466667,1062,0.450622,1062,0.5,1062,0.449188,1062,89.6821
1063,0.433333,1063,0.450622,1063,0.5,1063,0.449188,1063,89.6821
1064,0.433333,1064,0.450622,1064,0.5,1064,0.449188,1064,89.2469
1065,0.5,1065,0.450622,1065,0.5,1065,0.449188,1065,89.2469
1066,0.433333,1066,0.450622,1066,0.5,1066,0.449188,1066,89.6821
1067,0.466667,1067,0.450622,1067,0.5,1067,0.449188,1067,89.6821
1068,0.5,1068,0.450622,1068,0.5,1068,0.449188,1068,89.6821
1069,0.566667,1069,0.450622,1069,0.5,1069,0.449188,1069,89.6821
1070,0.533333,1070,0.450622,1070,0.5,1070,0.449188,1070,89.6821
1071,0.6,1071,0.464293,1071,0.5,1071,0.449188,1071,89.6821
1072,0.566667,1072,0.464293,1072,0.5,1072,0.449188,1072,89.6821
1073,0.566667,1073,0.464293,1073,0.5,1073,0.449188,1073,89.6821
1074,0.566667,1074,0.464293,1074,0.5,1074,0.449188,1074,90.1176
1075,0.533333,1075,0.477963,1075,0.5,1075,0.449188,1075,90.1176
1076,0.5,1076,0.477963,1076,0.5,1076,0.449188,1076,90.1176
1077,0.433333,1077,0.477963,1077,0.5,1077,0.449188,1077,90.1176
1078,0.466667,1078,0.477963,1078,0.5,1078,0.449188,1078,90.1176
1079,0.4,1079,0.477963,1079,0.5,1079,0.449188,1079,90.1176
1080,0.4,1080,0.464293,1080,0.5,1080,0.449188,1080,90.1176
1081,0.333333,1081,0.464293,1081,0.5,1081,0.449188,1081,90.1176
1082,0.333333,1082,0.464293,1082,0.5,1082,0.449188,1082,90.1176
1083,0.366667,1083,0.464293,1083,0.5,1083,0.449188,1083,90.1176
1084,0.366667,1084,0.464293,1084,0.5,1084,0.449188,1084,90.1176
1085,0.466667,1085,0.464293,1085,0.5,1085,0.449188,1085,90.1176
1086,0.5,1086,0.464293,1086,0.5,1086,0.449188,1086,90.1176
1087,0.566667,1087,0.477963,1087,0.5,1087,0.449188,1087,90.1176
1088,0.6,1088,0.477963,1088,0.5,1088,0.449188,1088,90.1176
1089,0.666667,1089,0.464293,1089,0.5,1089,0.449188,1089,90.1176
1090,0.7,1090,0.464293,1090,0.5,1090,0.449188,1090,90.1176
1091,0.7,1091,0.464293,1091,0.5,1091,0.449188,1091,90.1176
1092,0.666667,1092,0.464293,1092,0.5,1092,0.449188,1092,90.1176
1093,0.666667,1093,0.464293,1093,0.5,1093,0.449188,1093,90.1176
